Workbook
Name BED_FOR_L20E: PO!#REF!
Name CMAcode: [1]CMA!#REF!
Name Code: [2]CMA!$A:$A
Name CodeE: IF(PO!$B1="","",VLOOKUP(PO!$B1,[2]CMA!$A:$N,3,0))
Name CodeNo: IF(PO!$B1="","",VLOOKUP(PO!$B1,[2]CMA!$A:$N,2,0))
Name CodePL: [2]CMA!$B$5:$B$1115
Name Criteria2: #REF!
Name Criteria7: #REF!
Name Database2: #REF!
Name Model: IF(PO!$C1="","",VLOOKUP(PO!$C1,'[3]CMA items'!$B:$E,2,0))
Name Name: IF(PO!$B1="","",VLOOKUP(PO!$B1,'[4]CMA items'!$B:$E,3,0))
Name PriceJ: IF(PO!$B1="","",VLOOKUP(PO!$B1,[2]CMA!$A:$N,8,0))
Name PriceU: IF(PO!$B1="","",VLOOKUP(PO!$B1,[2]CMA!$A:$N,9,0))
Name PRINT_AREA_MI: #REF!
Name WT: IF(PO!$C1="","",VLOOKUP(PO!$C1,'[3]CMA items'!$B:$E,4,0))

Sheet PO
A1: CITIZEN MACHINERY ASIA CO., LTD
A2: 199, Mu 1 Phahon Yothin Road, Sanap Tuep Sub-district,
A3: Wang Noi District, Phra Nakhon Si Ayutthaya Province 13170, Thailand
A4: Tel: 66 (0)35 902-640-1 # 807; Fax: 66 (0)35 902-644
A5: PURCHASE ORDER SHEET
C7: To: | D7: CITIZEN MACHINERY VIETNAM CO., LTD
D8: Land Plot: J2, J3, J4 Japan Haiphong Industrial Zone
D9: Hong An ward, Hai Phong city, Viet Nam
D10: Attn: Mr. Kozu Takanari - FD
D11: Tel.: +84-225-3743232~3 | E11: Fax: +84-225-3743234
D13: Purchase Order No. : | E13: 112602255;3429,3620,3655,3663
D14: Date: | E14: June 15th 2026
D16: Shipment: | E16: Ocean freight
D17: Terms of Delivery: | E17: =IF(E16="Ocean freight","CIF Laem Chabang, Thailand","FCA Hanoi") -> CIF Laem Chabang, Thailand | K17: ETD | L17: ETA
D18: Delivery Time: | E18: =CONCATENATE("On or about ",L18,L19,"",L20) -> On or about August 23rd 2026 | K18: August | L18: August
D19: Port of Discharge: | E19: Laem Chabang, Thailand | K19: 19th | L19: 23rd
D20: Insurance: | E20: Covered by Shipper | K20: 2026 | L20: 2026
D21: Payment: | E21: T/T Remittance within 30 days after Invoice date
C22: PARTS FOR CNC AUTOMATIC LATHE.
A23: Description of goods | F23: Quantity | H23: Unit Price | I23: Amount (JPY)
B24: Code No. | D24: Code Name | E24: P.O No.
A25: 1 | B25: D0188 | C25: 0618-081-4 | D25: RM BODY L12 | E25: 112603655 | F25: 5 | G25: PCS | H25: 255935 | I25: =IF(ISERROR(H25*F25),"",(F25*H25)) -> 1279675 | J25: 872 | K25: =J25*F25 -> 4360 | N25: =VLOOKUP(C25,'[5]CMA Change 1 Coating Paint'!$C$20:$J$148,8,0) -> 255935 | O25: =H25-N25 -> 0 | W25: =H25-L25 -> 255935
A26: =A25+1 -> 2 | B26: D0191 | C26: 0618-084-2 | D26: BED L220E | E26: 112603649 | F26: 3 | G26: PCS | H26: 315980 | I26: =IF(ISERROR(H26*F26),"",(F26*H26)) -> 947940 | J26: 1170 | K26: =J26*F26 -> 3510 | N26: =VLOOKUP(C26,'[5]CMA Change 1 Coating Paint'!$C$20:$J$148,8,0) -> 315980 | O26: =H26-N26 -> 0 | W26: =H26-L26 -> 315980
A27: =A26+1 -> 3 | B27: G0065 | C27: 618-084-13F | D27: BED L220E | E27: 112602255 | F27: 8 | G27: PCS | H27: 410206 | I27: =IF(ISERROR(H27*F27),"",(F27*H27)) -> 3281648 | J27: 1170 | K27: =J27*F27 -> 9360 | N27: =VLOOKUP(C27,'[5]CMA Change 1 Coating Paint'!$C$20:$J$148,8,0) -> #N/A | O27: =H27-N27 -> #N/A | W27: =H27-L27 -> 410206
A28: =A27+1 -> 4 | B28: D0067 | C28: 0618-087-2 | D28: BED L32 | E28: 112603639 | F28: 2 | G28: PCS | H28: 408610 | I28: =IF(ISERROR(H28*F28),"",(F28*H28)) -> 817220 | J28: 1375 | K28: =J28*F28 -> 2750 | N28: =VLOOKUP(C28,'[5]CMA Change 1 Coating Paint'!$C$20:$J$148,8,0) -> 408610 | O28: =H28-N28 -> 0 | W28: =H28-L28 -> 408610
A29: =A28+1 -> 5 | B29: D0189 | C29: 0618-1001-4 | D29: BED L212 | E29: 112603649 | F29: 7 | G29: PCS | H29: 341932 | I29: =IF(ISERROR(H29*F29),"",(F29*H29)) -> 2393524 | J29: 1165 | K29: =J29*F29 -> 8155 | N29: =VLOOKUP(C29,'[5]CMA Change 1 Coating Paint'!$C$20:$J$148,8,0) -> 341932 | O29: =H29-N29 -> 0 | W29: =H29-L29 -> 341932
A30: =A29+1 -> 6 | B30: G0066 | C30: 618-089-4F | D30: BED R50140 | E30: 112602939:2, 112603652:6 | F30: 8 | G30: PCS | H30: 208338 | I30: =IF(ISERROR(H30*F30),"",(F30*H30)) -> 1666704 | J30: 590 | K30: =J30*F30 -> 4720 | N30: =VLOOKUP(C30,'[5]CMA Change 1 Coating Paint'!$C$20:$J$148,8,0) -> #N/A | O30: =H30-N30 -> #N/A
A31: =A30+1 -> 7 | B31: D0071 | C31: 0618-1002-1 | D31: BED L320E | E31: 112603639:4, 112603663:10 | F31: 14 | G31: PCS | H31: 394030 | I31: =IF(ISERROR(H31*F31),"",(F31*H31)) -> 5516420 | J31: 1330 | K31: =J31*F31 -> 18620 | N31: =VLOOKUP(C31,'[5]CMA Change 1 Coating Paint'!$C$20:$J$148,8,0) -> 394030 | O31: =H31-N31 -> 0
A32: =A31+1 -> 8 | B32: G0063 | C32: 618-1005-03F | D32: BED L232 | E32: 112603429 | F32: 5 | G32: PCS | H32: 571830 | I32: =IF(ISERROR(H32*F32),"",(F32*H32)) -> 2859150 | J32: 1588 | K32: =J32*F32 -> 7940 | N32: 571830 | O32: =H32-N32 -> 0 | W32: =H32-L32 -> 571830
A33: =A32+1 -> 9 | B33: D0085 | C33: 0613-238-2 | D33: MOTOR BRACKET | E33: 112604604 | F33: 50 | G33: PCS | H33: 1920 | I33: =IF(ISERROR(H33*F33),"",(F33*H33)) -> 96000 | J33: 6 | K33: =J33*F33 -> 300 | N33: =VLOOKUP(C33,'[5]CMA Change 1 Coating Paint'!$C$20:$J$148,8,0) -> 1920 | O33: =H33-N33 -> 0
A34: =A33+1 -> 10 | B34: D0009 | C34: 0617-116-3 | D34: CROSS SLIDE | E34: 112603662 | F34: 18 | G34: PCS | H34: 14226 | I34: =IF(ISERROR(H34*F34),"",(F34*H34)) -> 256068 | J34: 46 | K34: =J34*F34 -> 828 | N34: =VLOOKUP(C34,'[5]CMA Change 1 Coating Paint'!$C$20:$J$148,8,0) -> 14226 | O34: =H34-N34 -> 0
A35: =A34+1 -> 11 | B35: G0003 | C35: 617-116-9R | D35: CROSS SLIDE | E35: 112603660 | F35: 10 | G35: PCS | H35: 32349 | I35: =IF(ISERROR(H35*F35),"",(F35*H35)) -> 323490 | J35: 46 | K35: =J35*F35 -> 460 | N35: =VLOOKUP(C35,'[5]CMA Change 1 Coating Paint'!$C$20:$J$148,8,0) -> #N/A | O35: =H35-N35 -> #N/A
A36: =A35+1 -> 12 | B36: D0146 | C36: 0614-291-1 | D36: BASE L220E | E36: 112603667 | F36: 30 | G36: PCS | H36: 2165 | I36: =IF(ISERROR(H36*F36),"",(F36*H36)) -> 64950 | J36: 7 | K36: =J36*F36 -> 210 | N36: =VLOOKUP(C36,'[5]CMA Change 1 Coating Paint'!$C$20:$J$148,8,0) -> 2165 | O36: =H36-N36 -> 0
A37: =A36+1 -> 13 | B37: D0131 | C37: 0615-478 | D37: Z2 SLIDE | E37: 112603662 | F37: 10 | G37: PCS | H37: 8806 | I37: =IF(ISERROR(H37*F37),"",(F37*H37)) -> 88060 | J37: 30 | K37: =J37*F37 -> 300 | N37: =VLOOKUP(C37,'[5]CMA Change 1 Coating Paint'!$C$20:$J$148,8,0) -> 8806 | O37: =H37-N37 -> 0
A38: =A37+1 -> 14 | B38: G0035 | C38: 615-478-4R | D38: Z2 SLIDE | E38: 112603660 | F38: 10 | G38: PCS | H38: 22788 | I38: =IF(ISERROR(H38*F38),"",(F38*H38)) -> 227880 | J38: 30 | K38: =J38*F38 -> 300 | N38: =VLOOKUP(C38,'[5]CMA Change 1 Coating Paint'!$C$20:$J$148,8,0) -> #N/A | O38: =H38-N38 -> #N/A
A39: =A38+1 -> 15 | B39: G0039 | C39: 615-509-5R | D39: HEAD STOCK | E39: 112603640:10, 112603660:5 | F39: 15 | G39: PCS | H39: 29700 | I39: =IF(ISERROR(H39*F39),"",(F39*H39)) -> 445500 | J39: 42 | K39: =J39*F39 -> 630 | N39: =VLOOKUP(C39,'[5]CMA Change 1 Coating Paint'!$C$20:$J$148,8,0) -> #N/A | O39: =H39-N39 -> #N/A
A40: =A39+1 -> 16 | B40: D0166 | C40: 0617-115-1 | D40: TOOL POST | E40: 112603657 | F40: 10 | G40: PCS | H40: 40848 | I40: =IF(ISERROR(H40*F40),"",(F40*H40)) -> 408480 | J40: 141 | K40: =J40*F40 -> 1410 | N40: =VLOOKUP(C40,'[5]CMA Change 1 Coating Paint'!$C$20:$J$148,8,0) -> 40848 | O40: =H40-N40 -> 0
A41: =A40+1 -> 17 | B41: G0052 | C41: 617-123-6R | D41: TOOL POST | E41: 112603665 | F41: 5 | G41: PCS | H41: 90030 | I41: =IF(ISERROR(H41*F41),"",(F41*H41)) -> 450150 | J41: 141 | K41: =J41*F41 -> 705 | N41: =VLOOKUP(C41,'[5]CMA Change 1 Coating Paint'!$C$20:$J$148,8,0) -> #N/A | O41: =H41-N41 -> #N/A
A42: =A41+1 -> 18 | B42: G0064 | C42: 616-432-6R | D42: X SLIDE | E42: 112603640:10, 112603660:10 | F42: 20 | G42: PCS | H42: 21919 | I42: =IF(ISERROR(H42*F42),"",(F42*H42)) -> 438380 | J42: 19 | K42: =J42*F42 -> 380 | N42: =VLOOKUP(C42,'[5]CMA Change 1 Coating Paint'!$C$20:$J$148,8,0) -> #N/A | O42: =H42-N42 -> #N/A
A43: =A42+1 -> 19 | B43: G0041 | C43: 616-398-5R | D43: CROSS SLIDE | E43: 112603650 | F43: 15 | G43: PCS | H43: 37724 | I43: =IF(ISERROR(H43*F43),"",(F43*H43)) -> 565860 | J43: 43 | K43: =J43*F43 -> 645 | N43: =VLOOKUP(C43,'[5]CMA Change 1 Coating Paint'!$C$20:$J$148,8,0) -> #N/A | O43: =H43-N43 -> #N/A
A44: =A43+1 -> 20 | B44: G0040 | C44: 615-510R | D44: BACK HEAD STOCK | E44: 112603640:11, 112603660:5 | F44: 16 | G44: PCS | H44: 25747 | I44: =IF(ISERROR(H44*F44),"",(F44*H44)) -> 411952 | J44: 37 | K44: =J44*F44 -> 592 | N44: =VLOOKUP(C44,'[5]CMA Change 1 Coating Paint'!$C$20:$J$148,8,0) -> #N/A | O44: =H44-N44 -> #N/A
A45: =A44+1 -> 21 | B45: D0184 | C45: 0615-481 | D45: CHUCKING LEVER A320N | E45: 112603662 | F45: 50 | G45: PCS | H45: 1387 | I45: =IF(ISERROR(H45*F45),"",(F45*H45)) -> 69350 | J45: 3 | K45: =J45*F45 -> 150 | N45: =VLOOKUP(C45,'[5]CMA Change 1 Coating Paint'!$C$20:$J$148,8,0) -> 1387 | O45: =H45-N45 -> 0
A46: =A45+1 -> 22 | B46: D0186 | C46: 0616-301-1 | D46: SLEEVE HOLDER | E46: 112603646 | F46: 30 | G46: PCS | H46: 4846 | I46: =IF(ISERROR(H46*F46),"",(F46*H46)) -> 145380 | J46: 13 | K46: =J46*F46 -> 390 | N46: =VLOOKUP(C46,'[5]CMA Change 1 Coating Paint'!$C$20:$J$148,8,0) -> 4846 | O46: =H46-N46 -> 0
A47: =A46+1 -> 23 | B47: D0134 | C47: 0615-1034-1 | D47: HEAD STOCK BRACKET | E47: 112603638:10, 112603662:20 | F47: 30 | G47: PCS | H47: 4304 | I47: =IF(ISERROR(H47*F47),"",(F47*H47)) -> 129120 | J47: 13 | K47: =J47*F47 -> 390 | N47: =VLOOKUP(C47,'[5]CMA Change 1 Coating Paint'!$C$20:$J$148,8,0) -> 4304 | O47: =H47-N47 -> 0
A48: =A47+1 -> 24 | B48: G0036 | C48: 616-416-5R | D48: HEAD STOCK L32 | E48: 112603660 | F48: 6 | G48: PCS | H48: 35624 | I48: =IF(ISERROR(H48*F48),"",(F48*H48)) -> 213744 | J48: 63 | K48: =J48*F48 -> 378 | N48: 35624 | O48: =H48-N48 -> 0
A49: =A48+1 -> 25 | B49: D0010 | C49: 0617-130-2 | D49: TOOL POST L32 | E49: 112603657:5, 112603664:1 | F49: 6 | G49: PCS | H49: 49944 | I49: =IF(ISERROR(H49*F49),"",(F49*H49)) -> 299664 | J49: 166 | K49: =J49*F49 -> 996 | N49: =VLOOKUP(C49,'[5]CMA Change 1 Coating Paint'!$C$20:$J$148,8,0) -> 49944 | O49: =H49-N49 -> 0
A50: =A49+1 -> 26 | B50: G0004 | C50: 617-130-4R | D50: TOOL POST | E50: 112603656 | F50: 3 | G50: PCS | H50: 98850 | I50: =IF(ISERROR(H50*F50),"",(F50*H50)) -> 296550 | J50: 166 | K50: =J50*F50 -> 498 | N50: =VLOOKUP(C50,'[5]CMA Change 1 Coating Paint'!$C$20:$J$148,8,0) -> #N/A | O50: =H50-N50 -> #N/A
A51: =A50+1 -> 27 | B51: G0068 | C51: 616-419-5R | D51: X1 SLIDE L32 | E51: 112603660 | F51: 10 | G51: PCS | H51: 21853 | I51: =IF(ISERROR(H51*F51),"",(F51*H51)) -> 218530 | J51: 21 | K51: =J51*F51 -> 210 | N51: 21853 | O51: =H51-N51 -> 0
A52: =A51+1 -> 28 | B52: G0005 | C52: 616-417-8R | D52: Z2 SLIDE L32 | E52: 112603660 | F52: 6 | G52: PCS | H52: 23451 | I52: =IF(ISERROR(H52*F52),"",(F52*H52)) -> 140706 | J52: 28 | K52: =J52*F52 -> 168 | N52: 23451 | O52: =H52-N52 -> 0
A53: =A52+1 -> 29 | B53: D0122 | C53: 0616-425-2 | D53: Y2 AXIS BASE L32 | E53: 112603662 | F53: 12 | G53: PCS | H53: 12737 | I53: =IF(ISERROR(H53*F53),"",(F53*H53)) -> 152844 | J53: 38 | K53: =J53*F53 -> 456 | N53: =VLOOKUP(C53,'[5]CMA Change 1 Coating Paint'!$C$20:$J$148,8,0) -> 12737 | O53: =H53-N53 -> 0
A54: =A53+1 -> 30 | B54: G0029 | C54: 616-1019-01R | D54: Y2 AXIS BASE | E54: 112604331 | F54: 6 | G54: PCS | H54: 29125 | I54: =IF(ISERROR(H54*F54),"",(F54*H54)) -> 174750 | J54: 38 | K54: =J54*F54 -> 228 | N54: 29125 | O54: =H54-N54 -> 0
A55: =A54+1 -> 31 | B55: G0023 | C55: 616-415-5R | D55: HEAD STOCK | E55: 112603656 | F55: 7 | G55: PCS | H55: 20887 | I55: =IF(ISERROR(H55*F55),"",(F55*H55)) -> 146209 | J55: 31 | K55: =J55*F55 -> 217 | N55: =VLOOKUP(C55,'[5]CMA Change 1 Coating Paint'!$C$20:$J$148,8,0) -> #N/A | O55: =H55-N55 -> #N/A
A56: =A55+1 -> 32 | B56: G0037 | C56: 615-425-6R | D56: MOTOR HOUSING | E56: 112603660 | F56: 10 | G56: PCS | H56: 17845 | I56: =IF(ISERROR(H56*F56),"",(F56*H56)) -> 178450 | J56: 26 | K56: =J56*F56 -> 260 | N56: 17845 | O56: =H56-N56 -> 0
A57: =A56+1 -> 33 | B57: D0137 | C57: 0617-129-1 | D57: CROSS SLIDE L32 | E57: 112603655 | F57: 10 | G57: PCS | H57: 23547 | I57: =IF(ISERROR(H57*F57),"",(F57*H57)) -> 235470 | J57: 73 | K57: =J57*F57 -> 730 | N57: =VLOOKUP(C57,'[5]CMA Change 1 Coating Paint'!$C$20:$J$148,8,0) -> 23547 | O57: =H57-N57 -> 0
A58: =A57+1 -> 34 | B58: D0089 | C58: 0615-423-1 | D58: RM CHUCKING LEVER | E58: 112603662 | F58: 10 | G58: PCS | H58: 1387 | I58: =IF(ISERROR(H58*F58),"",(F58*H58)) -> 13870 | J58: 3 | K58: =J58*F58 -> 30 | N58: =VLOOKUP(C58,'[5]CMA Change 1 Coating Paint'!$C$20:$J$148,8,0) -> 1387 | O58: =H58-N58 -> 0
A59: =A58+1 -> 35 | B59: D0090 | C59: 0615-426-2 | D59: CHUCKING LEVER L32 | E59: 112603662 | F59: 10 | G59: PCS | H59: 1387 | I59: =IF(ISERROR(H59*F59),"",(F59*H59)) -> 13870 | J59: 3 | K59: =J59*F59 -> 30 | N59: =VLOOKUP(C59,'[5]CMA Change 1 Coating Paint'!$C$20:$J$148,8,0) -> 1387 | O59: =H59-N59 -> 0
A60: =A59+1 -> 36 | B60: D0163 | C60: 0617-0011-1 | D60: TOOL POST L212 | E60: 112603655 | F60: 15 | G60: PCS | H60: 40184 | I60: =IF(ISERROR(H60*F60),"",(F60*H60)) -> 602760 | J60: 135 | K60: =J60*F60 -> 2025 | N60: =VLOOKUP(C60,'[5]CMA Change 1 Coating Paint'!$C$20:$J$148,8,0) -> 40184 | O60: =H60-N60 -> 0
A61: =A60+1 -> 37 | B61: D0205 | C61: 0616-0019 | D61: CROSS SLIDE L212 | E61: 112603620 | F61: 10 | G61: PCS | H61: 7048 | I61: =IF(ISERROR(H61*F61),"",(F61*H61)) -> 70480 | J61: 23 | K61: =J61*F61 -> 230 | N61: =VLOOKUP(C61,'[5]CMA Change 1 Coating Paint'!$C$20:$J$148,8,0) -> 7048 | O61: =H61-N61 -> 0
A62: =A61+1 -> 38 | B62: D0164 | C62: 0616-1001-1 | D62: CROSS SLIDE L212 | E62: 112603620 | F62: 10 | G62: PCS | H62: 16853 | I62: =IF(ISERROR(H62*F62),"",(F62*H62)) -> 168530 | J62: 55 | K62: =J62*F62 -> 550 | N62: =VLOOKUP(C62,'[5]CMA Change 1 Coating Paint'!$C$20:$J$148,8,0) -> 16853 | O62: =H62-N62 -> 0
A63: =A62+1 -> 39 | B63: D0206 | C63: 0616-1002 | D63: SLIDE BASE L212 | E63: 112603662 | F63: 15 | G63: PCS | H63: 12717 | I63: =IF(ISERROR(H63*F63),"",(F63*H63)) -> 190755 | J63: 37 | K63: =J63*F63 -> 555 | N63: =VLOOKUP(C63,'[5]CMA Change 1 Coating Paint'!$C$20:$J$148,8,0) -> 12717 | O63: =H63-N63 -> 0
A64: =A63+1 -> 40 | B64: D0207 | C64: 0615-1002 | D64: Z2 SLIDE L212 | E64: 112603662 | F64: 15 | G64: PCS | H64: 6404 | I64: =IF(ISERROR(H64*F64),"",(F64*H64)) -> 96060 | J64: 20 | K64: =J64*F64 -> 300 | N64: =VLOOKUP(C64,'[5]CMA Change 1 Coating Paint'!$C$20:$J$148,8,0) -> 6404 | O64: =H64-N64 -> 0
A65: =A64+1 -> 41 | B65: D0208 | C65: 0615-1003-1 | D65: HEAD STOCK L212 | E65: 112603662 | F65: 15 | G65: PCS | H65: 8382 | I65: =IF(ISERROR(H65*F65),"",(F65*H65)) -> 125730 | J65: 26 | K65: =J65*F65 -> 390 | N65: =VLOOKUP(C65,'[5]CMA Change 1 Coating Paint'!$C$20:$J$148,8,0) -> 8382 | O65: =H65-N65 -> 0
A66: =A65+1 -> 42 | B66: D0091 | C66: 0617-1006-1 | D66: TOOL POST | E66: 112603663 | F66: 15 | G66: PCS | H66: 47464 | I66: =IF(ISERROR(H66*F66),"",(F66*H66)) -> 711960 | J66: 158 | K66: =J66*F66 -> 2370 | N66: =VLOOKUP(C66,'[5]CMA Change 1 Coating Paint'!$C$20:$J$148,8,0) -> 47464 | O66: =H66-N66 -> 0
A67: =A66+1 -> 43 | B67: D0209 | C67: 0615-1023 | D67: X SLIDE | E67: 112603663 | F67: 13 | G67: PCS | H67: 5445 | I67: =IF(ISERROR(H67*F67),"",(F67*H67)) -> 70785 | J67: 17 | K67: =J67*F67 -> 221 | N67: =VLOOKUP(C67,'[5]CMA Change 1 Coating Paint'!$C$20:$J$148,8,0) -> 5445 | O67: =H67-N67 -> 0
A68: =A67+1 -> 44 | B68: D0210 | C68: 0617-1007-1 | D68: CROSS SLIDE | E68: 112603663:5, 112604328:5 | F68: 10 | G68: PCS | H68: 13225 | I68: =IF(ISERROR(H68*F68),"",(F68*H68)) -> 132250 | J68: 41 | K68: =J68*F68 -> 410 | N68: =VLOOKUP(C68,'[5]CMA Change 1 Coating Paint'!$C$20:$J$148,8,0) -> 13225 | O68: =H68-N68 -> 0
A69: =A68+1 -> 45 | B69: D0211 | C69: 0616-1009 | D69: Y2 SLIDE BASE | E69: 112604328 | F69: 10 | G69: PCS | H69: 12202 | I69: =IF(ISERROR(H69*F69),"",(F69*H69)) -> 122020 | J69: 37 | K69: =J69*F69 -> 370 | N69: =VLOOKUP(C69,'[5]CMA Change 1 Coating Paint'!$C$20:$J$148,8,0) -> 12202 | O69: =H69-N69 -> 0
A70: =A69+1 -> 46 | B70: D0092 | C70: 0617-1005-1 | D70: CROSS SLIDE | E70: 112603663 | F70: 15 | G70: PCS | H70: 15040 | I70: =IF(ISERROR(H70*F70),"",(F70*H70)) -> 225600 | J70: 48 | K70: =J70*F70 -> 720 | N70: =VLOOKUP(C70,'[5]CMA Change 1 Coating Paint'!$C$20:$J$148,8,0) -> 15040 | O70: =H70-N70 -> 0
A71: =A70+1 -> 47 | B71: D0212 | C71: 0615-1022 | D71: HEAD STOCK | E71: 112603620:2, 112603663:17 | F71: 19 | G71: PCS | H71: 14140 | I71: =IF(ISERROR(H71*F71),"",(F71*H71)) -> 268660 | J71: 45 | K71: =J71*F71 -> 855 | N71: =VLOOKUP(C71,'[5]CMA Change 1 Coating Paint'!$C$20:$J$148,8,0) -> 14140 | O71: =H71-N71 -> 0
A72: =A71+1 -> 48 | B72: D0213 | C72: 0615-1017 | D72: Z2 SLIDE | E72: 112603655:7, 112603663:5 | F72: 12 | G72: PCS | H72: 9087 | I72: =IF(ISERROR(H72*F72),"",(F72*H72)) -> 109044 | J72: 29 | K72: =J72*F72 -> 348 | N72: =VLOOKUP(C72,'[5]CMA Change 1 Coating Paint'!$C$20:$J$148,8,0) -> 9087 | O72: =H72-N72 -> 0
A73: =A72+1 -> 49 | B73: D0135 | C73: 0615-1018-1 | D73: Z2 SLIDE | E73: 112604328 | F73: 5 | G73: PCS | H73: 6580 | I73: =IF(ISERROR(H73*F73),"",(F73*H73)) -> 32900 | J73: 21 | K73: =J73*F73 -> 105 | N73: =VLOOKUP(C73,'[5]CMA Change 1 Coating Paint'!$C$20:$J$148,8,0) -> 6580 | O73: =H73-N73 -> 0
A74: =A73+1 -> 50 | B74: D0012 | C74: 0615-1020 | D74: BACK HEAD STOCK L320E | E74: 112604328 | F74: 10 | G74: PCS | H74: 11470 | I74: =IF(ISERROR(H74*F74),"",(F74*H74)) -> 114700 | J74: 36 | K74: =J74*F74 -> 360 | N74: =VLOOKUP(C74,'[5]CMA Change 1 Coating Paint'!$C$20:$J$148,8,0) -> 11470 | O74: =H74-N74 -> 0
A75: =A74+1 -> 51 | B75: G0049 | C75: 615-1085-00R | D75: HEADSTOCK | E75: 112603650 | F75: 10 | G75: PCS | H75: 30429 | I75: =IF(ISERROR(H75*F75),"",(F75*H75)) -> 304290 | J75: 43 | K75: =J75*F75 -> 430 | N75: =VLOOKUP(C75,'[5]CMA Change 1 Coating Paint'!$C$20:$J$148,8,0) -> #N/A | O75: =H75-N75 -> #N/A
A76: =A75+1 -> 52 | B76: G0050 | C76: 615-1086-01R | D76: BACK HEADSTOCK | E76: 112603658 | F76: 10 | G76: PCS | H76: 26286 | I76: =IF(ISERROR(H76*F76),"",(F76*H76)) -> 262860 | J76: 38 | K76: =J76*F76 -> 380 | N76: =VLOOKUP(C76,'[5]CMA Change 1 Coating Paint'!$C$20:$J$148,8,0) -> #N/A | O76: =H76-N76 -> #N/A
A77: =A76+1 -> 53 | B77: G0062 | C77: 616-1015-02R | D77: HEAD STOCK | E77: 112604331 | F77: 6 | G77: PCS | H77: 33918 | I77: =IF(ISERROR(H77*F77),"",(F77*H77)) -> 203508 | J77: 57 | K77: =J77*F77 -> 342 | N77: 33918 | O77: =H77-N77 -> 0
A78: =A77+1 -> 54 | B78: G0043 | C78: 616-1016-01R | D78: X1 SLIDE | E78: 112604331 | F78: 6 | G78: PCS | H78: 23134 | I78: =IF(ISERROR(H78*F78),"",(F78*H78)) -> 138804 | J78: 23 | K78: =J78*F78 -> 138 | N78: 23134 | O78: =H78-N78 -> 0
A79: =A78+1 -> 55 | B79: G0033 | C79: 616-1017-02R | D79: CROSS SLIDE | E79: 112604331 | F79: 6 | G79: PCS | H79: 43794 | I79: =IF(ISERROR(H79*F79),"",(F79*H79)) -> 262764 | J79: 64 | K79: =J79*F79 -> 384 | N79: 43794 | O79: =H79-N79 -> 0
A80: =A79+1 -> 56 | B80: G0044 | C80: 616-1018-00R | D80: Z2 SLIDE | E80: 112604331 | F80: 6 | G80: PCS | H80: 29592 | I80: =IF(ISERROR(H80*F80),"",(F80*H80)) -> 177552 | J80: 40 | K80: =J80*F80 -> 240 | N80: 29592 | O80: =H80-N80 -> 0
A81: =A80+1 -> 57 | B81: G0022 | C81: 616-1020-01R | D81: Y2 SLIDE | E81: 112604331 | F81: 6 | G81: PCS | H81: 25395 | I81: =IF(ISERROR(H81*F81),"",(F81*H81)) -> 152370 | J81: 27 | K81: =J81*F81 -> 162 | N81: 25395 | O81: =H81-N81 -> 0
A82: TOTAL | F82: =SUM(F25:F81) -> 706 | G82: PCS | I82: =SUM(I25:I81) -> 29511940 | K82: =SUM(K25:K81) -> 83191 | O82: =H82-N82 -> 0
A97: CITIZEN MACHINERY ASIA CO., LTD | F97: CITIZEN MACHINERY VIETNAM CO., LTD
F102: KOZU TAKANARI
F103: FACTORY DIRECTOR
U106: 13
U107: 13
U108: 13
U109: 13
U111: 4

Sheet CMV
B1: CMV
B2: Code No. (CMV) | C2: Code Name (CMV) | D2: Code Name (CMA) | E2: grp_no | F2: upm | G2: upm IC | H2: Remark | K2: ใส่ข้อมูล | L2: ผลลัพธ์ | M2: UOM | N2: Group_No | O2: Column1
B3: 615-1036C | C3: BACK 4 SLEEVE HOLDER | D3: BACK 4-SLEEVE HOLDER | E3: =VLOOKUP(D3,[6]USE!A:D,2,0) -> 000231 | F3: =VLOOKUP(D3,[6]USE!A:E,3,0) -> PCS | G3: =VLOOKUP(D3,[6]USE!A:D,4,0) -> C62 | K3: RM BODY L12 | L3: =VLOOKUP(K3,C:F,2,0) -> BODY | M3: =VLOOKUP(L3,D:G,4,0) -> C62 | N3: =VLOOKUP(L3,D:H,2,0) -> 000001 | O3: =ROW(O1) -> 1
B4: 615-510A | C4: BACK HEAD STOCK | D4: HEAD STOCK | E4: =VLOOKUP(D4,[6]USE!A:D,2,0) -> 000206 | F4: =VLOOKUP(D4,[6]USE!A:E,3,0) -> PCS | G4: =VLOOKUP(D4,[6]USE!A:D,4,0) -> C62 | K4: BED L220E | L4: =VLOOKUP(K4,C:F,2,0) -> BED | M4: =VLOOKUP(L4,D:G,4,0) -> C62 | N4: =VLOOKUP(L4,D:H,2,0) -> 000173 | O4: =ROW(O2) -> 2
B5: 615-408-1C | C5: BACK HEAD STOCK L20 | D5: HEAD STOCK | E5: =VLOOKUP(D5,[6]USE!A:D,2,0) -> 000206 | F5: =VLOOKUP(D5,[6]USE!A:E,3,0) -> PCS | G5: =VLOOKUP(D5,[6]USE!A:D,4,0) -> C62 | K5: BED L220E | L5: =VLOOKUP(K5,C:F,2,0) -> BED | M5: =VLOOKUP(L5,D:G,4,0) -> C62 | N5: =VLOOKUP(L5,D:H,2,0) -> 000173 | O5: =ROW(O3) -> 3
B6: 616-357-3C | C6: BACK SPINDLE BASE L32 | D6: HEAD STOCK | E6: =VLOOKUP(D6,[6]USE!A:D,2,0) -> 000206 | F6: =VLOOKUP(D6,[6]USE!A:E,3,0) -> PCS | G6: =VLOOKUP(D6,[6]USE!A:D,4,0) -> C62 | K6: BED L32 | L6: =VLOOKUP(K6,C:F,2,0) -> BED | M6: =VLOOKUP(L6,D:G,4,0) -> C62 | N6: =VLOOKUP(L6,D:H,2,0) -> 000173 | O6: =ROW(O4) -> 4
B7: 614-291-1C | C7: BASE L220E | D7: GUIDE BUSH BASE | E7: 000213 | F7: =VLOOKUP(D7,[6]USE!A:E,3,0) -> PCS | G7: =VLOOKUP(D7,[6]USE!A:D,4,0) -> C62 | K7: BED L212 | L7: =VLOOKUP(K7,C:F,2,0) -> BED | M7: =VLOOKUP(L7,D:G,4,0) -> C62 | N7: =VLOOKUP(L7,D:H,2,0) -> 000173 | O7: =ROW(O5) -> 5
B8: 614-291-1 | C8: BASE | D8: GUIDE BUSH BASE | E8: 000213 | F8: =VLOOKUP(D8,[6]USE!A:E,3,0) -> PCS | G8: =VLOOKUP(D8,[6]USE!A:D,4,0) -> C62 | K8: BED R50140 | L8: =VLOOKUP(K8,C:F,2,0) -> BED | M8: =VLOOKUP(L8,D:G,4,0) -> C62 | N8: =VLOOKUP(L8,D:H,2,0) -> 000173 | O8: =ROW(O6) -> 6
B9: 618-084-12 | C9: BED FOR L220E | D9: BED | E9: =VLOOKUP(D9,[6]USE!A:D,2,0) -> 000173 | F9: =VLOOKUP(D9,[6]USE!A:E,3,0) -> PCS | G9: =VLOOKUP(D9,[6]USE!A:D,4,0) -> C62 | K9: BED L320E | L9: =VLOOKUP(K9,C:F,2,0) -> BED | M9: =VLOOKUP(L9,D:G,4,0) -> C62 | N9: =VLOOKUP(L9,D:H,2,0) -> 000173 | O9: =ROW(O6) -> 6
B10: 618-084-2C | C10: BED FOR L220E | D10: BED | E10: =VLOOKUP(D10,[6]USE!A:D,2,0) -> 000173 | F10: =VLOOKUP(D10,[6]USE!A:E,3,0) -> PCS | G10: =VLOOKUP(D10,[6]USE!A:D,4,0) -> C62 | K10: BED L232 | L10: =VLOOKUP(K10,C:F,2,0) -> BED | M10: =VLOOKUP(L10,D:G,4,0) -> C62 | N10: =VLOOKUP(L10,D:H,2,0) -> 000173 | O10: =ROW(O7) -> 7
B11: 618-1001-4C | C11: BED L212 | D11: BED | E11: =VLOOKUP(D11,[6]USE!A:D,2,0) -> 000173 | F11: =VLOOKUP(D11,[6]USE!A:E,3,0) -> PCS | G11: =VLOOKUP(D11,[6]USE!A:D,4,0) -> C62 | K11: MOTOR BRACKET | L11: =VLOOKUP(K11,C:F,2,0) -> MOTOR BRACKET | M11: =VLOOKUP(L11,D:G,4,0) -> C62 | N11: =VLOOKUP(L11,D:H,2,0) -> 000003 | O11: =ROW(O9) -> 9
B12: 618-084-13 | C12: BED L220E | D12: BED | E12: =VLOOKUP(D12,[6]USE!A:D,2,0) -> 000173 | F12: =VLOOKUP(D12,[6]USE!A:E,3,0) -> PCS | G12: =VLOOKUP(D12,[6]USE!A:D,4,0) -> C62 | K12: CROSS SLIDE | L12: =VLOOKUP(K12,C:F,2,0) -> CROSS SLIDE | M12: =VLOOKUP(L12,D:G,4,0) -> C62 | N12: =VLOOKUP(L12,D:H,2,0) -> 000002 | O12: =ROW(O10) -> 10
B13: 618-087-2C | C13: BED L32 | D13: BED | E13: =VLOOKUP(D13,[6]USE!A:D,2,0) -> 000173 | F13: =VLOOKUP(D13,[6]USE!A:E,3,0) -> PCS | G13: =VLOOKUP(D13,[6]USE!A:D,4,0) -> C62 | K13: CROSS SLIDE | L13: =VLOOKUP(K13,C:F,2,0) -> CROSS SLIDE | M13: =VLOOKUP(L13,D:G,4,0) -> C62 | N13: =VLOOKUP(L13,D:H,2,0) -> 000002 | O13: =ROW(O11) -> 11
B14: 618-1002-1C | C14: BED L320E | D14: BED | E14: =VLOOKUP(D14,[6]USE!A:D,2,0) -> 000173 | F14: =VLOOKUP(D14,[6]USE!A:E,3,0) -> PCS | G14: =VLOOKUP(D14,[6]USE!A:D,4,0) -> C62 | K14: BASE L220E | L14: =VLOOKUP(K14,C:F,2,0) -> GUIDE BUSH BASE | M14: =VLOOKUP(L14,D:G,4,0) -> C62 | N14: =VLOOKUP(L14,D:H,2,0) -> 000213 | O14: =ROW(O12) -> 12
B15: 618-089-4F | C15: BED R50140 | D15: BED | E15: =VLOOKUP(D15,[6]USE!A:D,2,0) -> 000173 | F15: =VLOOKUP(D15,[6]USE!A:E,3,0) -> PCS | G15: =VLOOKUP(D15,[6]USE!A:D,4,0) -> C62 | K15: Z2 SLIDE | L15: =VLOOKUP(K15,C:F,2,0) -> Z2 SLIDE | M15: =VLOOKUP(L15,D:G,4,0) -> C62 | N15: =VLOOKUP(L15,D:H,2,0) -> 000175 | O15: =ROW(O13) -> 13
B16: 613-242C | C16: BLOCK A320N | D16: =VLOOKUP(B16,[7]IV!$B$21:$C$80,2,0) -> BLOCK | E16: =VLOOKUP(D16,[6]USE!A:D,2,0) -> 000013 | F16: =VLOOKUP(D16,[6]USE!A:E,3,0) -> PCS | G16: =VLOOKUP(D16,[6]USE!A:D,4,0) -> C62 | K16: Z2 SLIDE | L16: =VLOOKUP(K16,C:F,2,0) -> Z2 SLIDE | M16: =VLOOKUP(L16,D:G,4,0) -> C62 | N16: =VLOOKUP(L16,D:H,2,0) -> 000175 | O16: =ROW(O14) -> 14
B17: 615-470C | C17: BRACKET | D17: =VLOOKUP(B17,[7]IV!$B$21:$C$80,2,0) -> BRACKET | E17: =VLOOKUP(D17,[6]USE!A:D,2,0) -> 000006 | F17: =VLOOKUP(D17,[6]USE!A:E,3,0) -> PCS | G17: =VLOOKUP(D17,[6]USE!A:D,4,0) -> C62 | K17: HEAD STOCK | L17: =VLOOKUP(K17,C:F,2,0) -> HEAD STOCK | M17: =VLOOKUP(L17,D:G,4,0) -> C62 | N17: =VLOOKUP(L17,D:H,2,0) -> 000206 | O17: =ROW(O15) -> 15
B18: 615-512-1C | C18: BRACKET | D18: BRACKET | E18: =VLOOKUP(D18,[6]USE!A:D,2,0) -> 000006 | F18: =VLOOKUP(D18,[6]USE!A:E,3,0) -> PCS | G18: =VLOOKUP(D18,[6]USE!A:D,4,0) -> C62 | K18: TOOL POST | L18: =VLOOKUP(K18,C:F,2,0) -> TOOL POST | M18: =VLOOKUP(L18,D:G,4,0) -> C62 | N18: =VLOOKUP(L18,D:H,2,0) -> 000174 | O18: =ROW(O16) -> 16
B19: 616-396-2C | C19: BRACKET | D19: BRACKET | E19: =VLOOKUP(D19,[6]USE!A:D,2,0) -> 000006 | F19: =VLOOKUP(D19,[6]USE!A:E,3,0) -> PCS | G19: =VLOOKUP(D19,[6]USE!A:D,4,0) -> C62 | K19: TOOL POST | L19: =VLOOKUP(K19,C:F,2,0) -> TOOL POST | M19: =VLOOKUP(L19,D:G,4,0) -> C62 | N19: =VLOOKUP(L19,D:H,2,0) -> 000174 | O19: =ROW(O17) -> 17
B20: 614-286-1C | C20: BRACKET 1/2 L12 | D20: BRACKET | E20: =VLOOKUP(D20,[6]USE!A:D,2,0) -> 000006 | F20: =VLOOKUP(D20,[6]USE!A:E,3,0) -> PCS | G20: =VLOOKUP(D20,[6]USE!A:D,4,0) -> C62 | K20: X SLIDE | L20: =VLOOKUP(K20,C:F,2,0) -> X-SLIDE | M20: =VLOOKUP(L20,D:G,4,0) -> C62 | N20: =VLOOKUP(L20,D:H,2,0) -> 000004 | O20: =ROW(O18) -> 18
B21: 615-467-1C | C21: BRACKET 1/2 L12 | D21: =VLOOKUP(B21,[7]IV!$B$21:$C$80,2,0) -> BRACKET | E21: =VLOOKUP(D21,[6]USE!A:D,2,0) -> 000006 | F21: =VLOOKUP(D21,[6]USE!A:E,3,0) -> PCS | G21: =VLOOKUP(D21,[6]USE!A:D,4,0) -> C62 | K21: CROSS SLIDE | L21: =VLOOKUP(K21,C:F,2,0) -> CROSS SLIDE | M21: =VLOOKUP(L21,D:G,4,0) -> C62 | N21: =VLOOKUP(L21,D:H,2,0) -> 000002 | O21: =ROW(O19) -> 19
B22: 616-370-1C | C22: BRACKET B1216E | D22: BRACKET | E22: =VLOOKUP(D22,[6]USE!A:D,2,0) -> 000006 | F22: =VLOOKUP(D22,[6]USE!A:E,3,0) -> PCS | G22: =VLOOKUP(D22,[6]USE!A:D,4,0) -> C62 | K22: BACK HEAD STOCK | L22: =VLOOKUP(K22,C:F,2,0) -> HEAD STOCK | M22: =VLOOKUP(L22,D:G,4,0) -> C62 | N22: =VLOOKUP(L22,D:H,2,0) -> 000206 | O22: =ROW(O20) -> 20
B23: 616-385C | C23: BRACKET L12 | D23: =VLOOKUP(B23,[7]IV!$B$21:$C$80,2,0) -> BRACKET | E23: =VLOOKUP(D23,[6]USE!A:D,2,0) -> 000006 | F23: =VLOOKUP(D23,[6]USE!A:E,3,0) -> PCS | G23: =VLOOKUP(D23,[6]USE!A:D,4,0) -> C62 | K23: CHUCKING LEVER A320N | L23: =VLOOKUP(K23,C:F,2,0) -> CHUCKING LEVER | M23: =VLOOKUP(L23,D:G,4,0) -> C62 | N23: =VLOOKUP(L23,D:H,2,0) -> 000084 | O23: =ROW(O21) -> 21
B24: 614-220C | C24: CHUCKING LEVER L12 | D24: =VLOOKUP(B24,[7]IV!$B$21:$C$80,2,0) -> CHUCKING LEVER | E24: =VLOOKUP(D24,[6]USE!A:D,2,0) -> 000084 | F24: =VLOOKUP(D24,[6]USE!A:E,3,0) -> PCS | G24: =VLOOKUP(D24,[6]USE!A:D,4,0) -> C62 | K24: SLEEVE HOLDER | L24: =VLOOKUP(K24,C:F,2,0) -> SLEEVE HOLDER | M24: =VLOOKUP(L24,D:G,4,0) -> C62 | N24: =VLOOKUP(L24,D:H,2,0) -> 000119 | O24: =ROW(O22) -> 22
B25: 614-272-1C | C25: CHUCKING LEVER L12 | D25: CHUCKING LEVER | E25: =VLOOKUP(D25,[6]USE!A:D,2,0) -> 000084 | F25: =VLOOKUP(D25,[6]USE!A:E,3,0) -> PCS | G25: =VLOOKUP(D25,[6]USE!A:D,4,0) -> C62 | K25: HEAD STOCK BRACKET | L25: =VLOOKUP(K25,C:F,2,0) -> BRACKET | M25: =VLOOKUP(L25,D:G,4,0) -> C62 | N25: =VLOOKUP(L25,D:H,2,0) -> 000006 | O25: =ROW(O23) -> 23
B26: 615-481C | C26: CHUCKING LEVER A320N | D26: CHUCKING LEVER | E26: =VLOOKUP(D26,[6]USE!A:D,2,0) -> 000084 | F26: =VLOOKUP(D26,[6]USE!A:E,3,0) -> PCS | G26: =VLOOKUP(D26,[6]USE!A:D,4,0) -> C62 | K26: HEAD STOCK L32 | L26: =VLOOKUP(K26,C:F,2,0) -> HEAD STOCK | M26: =VLOOKUP(L26,D:G,4,0) -> C62 | N26: =VLOOKUP(L26,D:H,2,0) -> 000206 | O26: =ROW(O24) -> 24
B27: 615-426-2C | C27: CHUCKING LEVER L32 | D27: CHUCKING LEVER | E27: =VLOOKUP(D27,[6]USE!A:D,2,0) -> 000084 | F27: =VLOOKUP(D27,[6]USE!A:E,3,0) -> PCS | G27: =VLOOKUP(D27,[6]USE!A:D,4,0) -> C62 | K27: TOOL POST L32 | L27: =VLOOKUP(K27,C:F,2,0) -> TOOL POST | M27: =VLOOKUP(L27,D:G,4,0) -> C62 | N27: =VLOOKUP(L27,D:H,2,0) -> 000174 | O27: =ROW(O25) -> 25
B28: 616-398-4A | C28: CROSS SLIDE | D28: CROSS SLIDE | E28: =VLOOKUP(D28,[6]USE!A:D,2,0) -> 000002 | F28: =VLOOKUP(D28,[6]USE!A:E,3,0) -> PCS | G28: =VLOOKUP(D28,[6]USE!A:D,4,0) -> C62 | K28: TOOL POST | L28: =VLOOKUP(K28,C:F,2,0) -> TOOL POST | M28: =VLOOKUP(L28,D:G,4,0) -> C62 | N28: =VLOOKUP(L28,D:H,2,0) -> 000174 | O28: =ROW(O26) -> 26
B29: 617-116-2C | C29: CROSS SLIDE | D29: CROSS SLIDE | E29: =VLOOKUP(D29,[6]USE!A:D,2,0) -> 000002 | F29: =VLOOKUP(D29,[6]USE!A:E,3,0) -> PCS | G29: =VLOOKUP(D29,[6]USE!A:D,4,0) -> C62 | K29: X1 SLIDE L32 | L29: =VLOOKUP(K29,C:F,2,0) -> X-SLIDE | M29: =VLOOKUP(L29,D:G,4,0) -> C62 | N29: =VLOOKUP(L29,D:H,2,0) -> 000004 | O29: =ROW(O27) -> 27
B30: 617-116-8A | C30: CROSS SLIDE | D30: CROSS SLIDE | E30: =VLOOKUP(D30,[6]USE!A:D,2,0) -> 000002 | F30: =VLOOKUP(D30,[6]USE!A:E,3,0) -> PCS | G30: =VLOOKUP(D30,[6]USE!A:D,4,0) -> C62 | K30: Z2 SLIDE L32 | L30: =VLOOKUP(K30,C:F,2,0) -> Z2 SLIDE | M30: =VLOOKUP(L30,D:G,4,0) -> C62 | N30: =VLOOKUP(L30,D:H,2,0) -> 000175 | O30: =ROW(O28) -> 28
B31: 617-116-9A | C31: CROSS SLIDE | D31: CROSS SLIDE | E31: =VLOOKUP(D31,[6]USE!A:D,2,0) -> 000002 | F31: =VLOOKUP(D31,[6]USE!A:E,3,0) -> PCS | G31: =VLOOKUP(D31,[6]USE!A:D,4,0) -> C62 | K31: Y2 AXIS BASE L32 | L31: =VLOOKUP(K31,C:F,2,0) -> Y-SLIDE | M31: =VLOOKUP(L31,D:G,4,0) -> C62 | N31: =VLOOKUP(L31,D:H,2,0) -> 000186 | O31: =ROW(O29) -> 29
B32: 617-118-2C | C32: CROSS SLIDE L220E | D32: CROSS SLIDE | E32: =VLOOKUP(D32,[6]USE!A:D,2,0) -> 000002 | F32: =VLOOKUP(D32,[6]USE!A:E,3,0) -> PCS | G32: =VLOOKUP(D32,[6]USE!A:D,4,0) -> C62 | K32: Y2 AXIS BASE | L32: =VLOOKUP(K32,C:F,2,0) -> Y-SLIDE | M32: =VLOOKUP(L32,D:G,4,0) -> C62 | N32: =VLOOKUP(L32,D:H,2,0) -> 000186 | O32: =ROW(O30) -> 30
B33: 616-240C | C33: CROSS SLIDE B1216E | D33: CROSS SLIDE | E33: =VLOOKUP(D33,[6]USE!A:D,2,0) -> 000002 | F33: =VLOOKUP(D33,[6]USE!A:E,3,0) -> PCS | G33: =VLOOKUP(D33,[6]USE!A:D,4,0) -> C62 | K33: HEAD STOCK | L33: =VLOOKUP(K33,C:F,2,0) -> HEAD STOCK | M33: =VLOOKUP(L33,D:G,4,0) -> C62 | N33: =VLOOKUP(L33,D:H,2,0) -> 000206 | O33: =ROW(O31) -> 31
B34: 616-386-1C | C34: CROSS SLIDE FOR L12 | D34: CROSS SLIDE | E34: =VLOOKUP(D34,[6]USE!A:D,2,0) -> 000002 | F34: =VLOOKUP(D34,[6]USE!A:E,3,0) -> PCS | G34: =VLOOKUP(D34,[6]USE!A:D,4,0) -> C62 | K34: MOTOR HOUSING | L34: =VLOOKUP(K34,C:F,2,0) -> MOTOR HOUSING | M34: =VLOOKUP(L34,D:G,4,0) -> C62 | N34: =VLOOKUP(L34,D:H,2,0) -> 000187 | O34: =ROW(O32) -> 32
B35: 616-387-3C | C35: CROSS SLIDE FOR L12 | D35: CROSS SLIDE | E35: =VLOOKUP(D35,[6]USE!A:D,2,0) -> 000002 | F35: =VLOOKUP(D35,[6]USE!A:E,3,0) -> PCS | G35: =VLOOKUP(D35,[6]USE!A:D,4,0) -> C62 | K35: CROSS SLIDE L32 | L35: =VLOOKUP(K35,C:F,2,0) -> CROSS SLIDE | M35: =VLOOKUP(L35,D:G,4,0) -> C62 | N35: =VLOOKUP(L35,D:H,2,0) -> 000002 | O35: =ROW(O33) -> 33
B36: 617-118-2C | C36: CROSS SLIDE FOR L220E | D36: =VLOOKUP(B36,[7]IV!$B$21:$C$80,2,0) -> CROSS SLIDE | E36: =VLOOKUP(D36,[6]USE!A:D,2,0) -> 000002 | F36: =VLOOKUP(D36,[6]USE!A:E,3,0) -> PCS | G36: =VLOOKUP(D36,[6]USE!A:D,4,0) -> C62 | K36: RM CHUCKING LEVER | L36: =VLOOKUP(K36,C:F,2,0) -> CHUCKING LEVER | M36: =VLOOKUP(L36,D:G,4,0) -> C62 | N36: =VLOOKUP(L36,D:H,2,0) -> 000084 | O36: =ROW(O34) -> 34
B37: 617-118-7A | C37: CROSS SLIDE FOR L220E | D37: CROSS SLIDE | E37: =VLOOKUP(D37,[6]USE!A:D,2,0) -> 000002 | F37: =VLOOKUP(D37,[6]USE!A:E,3,0) -> PCS | G37: =VLOOKUP(D37,[6]USE!A:D,4,0) -> C62 | K37: CHUCKING LEVER L32 | L37: =VLOOKUP(K37,C:F,2,0) -> CHUCKING LEVER | M37: =VLOOKUP(L37,D:G,4,0) -> C62 | N37: =VLOOKUP(L37,D:H,2,0) -> 000084 | O37: =ROW(O35) -> 35
B38: 616-386-1C | C38: CROSS SLIDE L12 | D38: CROSS SLIDE | E38: =VLOOKUP(D38,[6]USE!A:D,2,0) -> 000002 | F38: =VLOOKUP(D38,[6]USE!A:E,3,0) -> PCS | G38: =VLOOKUP(D38,[6]USE!A:D,4,0) -> C62 | K38: TOOL POST L212 | L38: =VLOOKUP(K38,C:F,2,0) -> TOOL POST | M38: =VLOOKUP(L38,D:G,4,0) -> C62 | N38: =VLOOKUP(L38,D:H,2,0) -> 000174 | O38: =ROW(O36) -> 36
B39: 616-387-3C | C39: CROSS SLIDE L12 | D39: CROSS SLIDE | E39: =VLOOKUP(D39,[6]USE!A:D,2,0) -> 000002 | F39: =VLOOKUP(D39,[6]USE!A:E,3,0) -> PCS | G39: =VLOOKUP(D39,[6]USE!A:D,4,0) -> C62 | K39: CROSS SLIDE L212 | L39: =VLOOKUP(K39,C:F,2,0) -> CROSS SLIDE | M39: =VLOOKUP(L39,D:G,4,0) -> C62 | N39: =VLOOKUP(L39,D:H,2,0) -> 000002 | O39: =ROW(O37) -> 37
B40: 616-0019C | C40: CROSS SLIDE L212 | D40: =VLOOKUP(B40,[7]IV!$B$21:$C$80,2,0) -> CROSS SLIDE | E40: =VLOOKUP(D40,[6]USE!A:D,2,0) -> 000002 | F40: =VLOOKUP(D40,[6]USE!A:E,3,0) -> PCS | G40: =VLOOKUP(D40,[6]USE!A:D,4,0) -> C62 | K40: CROSS SLIDE L212 | L40: =VLOOKUP(K40,C:F,2,0) -> CROSS SLIDE | M40: =VLOOKUP(L40,D:G,4,0) -> C62 | N40: =VLOOKUP(L40,D:H,2,0) -> 000002 | O40: =ROW(O38) -> 38
B41: 616-1001-1C | C41: CROSS SLIDE L212 | D41: =VLOOKUP(B41,[7]IV!$B$21:$C$80,2,0) -> CROSS SLIDE | E41: =VLOOKUP(D41,[6]USE!A:D,2,0) -> 000002 | F41: =VLOOKUP(D41,[6]USE!A:E,3,0) -> PCS | G41: =VLOOKUP(D41,[6]USE!A:D,4,0) -> C62 | K41: SLIDE BASE L212 | L41: =VLOOKUP(K41,C:F,2,0) -> SLIDE BASE | M41: =VLOOKUP(L41,D:G,4,0) -> C62 | N41: =VLOOKUP(L41,D:H,2,0) -> 000008 | O41: =ROW(O39) -> 39
B42: 617-118-7A | C42: CROSS SLIDE L220E | D42: CROSS SLIDE | E42: =VLOOKUP(D42,[6]USE!A:D,2,0) -> 000002 | F42: =VLOOKUP(D42,[6]USE!A:E,3,0) -> PCS | G42: =VLOOKUP(D42,[6]USE!A:D,4,0) -> C62 | K42: Z2 SLIDE L212 | L42: =VLOOKUP(K42,C:F,2,0) -> Z2 SLIDE | M42: =VLOOKUP(L42,D:G,4,0) -> C62 | N42: =VLOOKUP(L42,D:H,2,0) -> 000175 | O42: =ROW(O40) -> 40
B43: 617-129-1C | C43: CROSS SLIDE L32 | D43: CROSS SLIDE | E43: =VLOOKUP(D43,[6]USE!A:D,2,0) -> 000002 | F43: =VLOOKUP(D43,[6]USE!A:E,3,0) -> PCS | G43: =VLOOKUP(D43,[6]USE!A:D,4,0) -> C62 | K43: HEAD STOCK L212 | L43: =VLOOKUP(K43,C:F,2,0) -> HEAD STOCK | M43: =VLOOKUP(L43,D:G,4,0) -> C62 | N43: =VLOOKUP(L43,D:H,2,0) -> 000206 | O43: =ROW(O41) -> 41
B44: 615-516-1C | C44: GUIDE BUSH BASE L32 | D44: GUIDE BUSH BASE | E44: =VLOOKUP(D44,[6]USE!A:D,2,0) -> 000213 | F44: =VLOOKUP(D44,[6]USE!A:E,3,0) -> PCS | G44: =VLOOKUP(D44,[6]USE!A:D,4,0) -> C62 | K44: TOOL POST | L44: =VLOOKUP(K44,C:F,2,0) -> TOOL POST | M44: =VLOOKUP(L44,D:G,4,0) -> C62 | N44: =VLOOKUP(L44,D:H,2,0) -> 000174 | O44: =ROW(O42) -> 42
B45: 615-509-4A | C45: HEAD STOCK | D45: HEAD STOCK | E45: =VLOOKUP(D45,[6]USE!A:D,2,0) -> 000206 | F45: =VLOOKUP(D45,[6]USE!A:E,3,0) -> PCS | G45: =VLOOKUP(D45,[6]USE!A:D,4,0) -> C62 | K45: X SLIDE | L45: =VLOOKUP(K45,C:F,2,0) -> X-SLIDE | M45: =VLOOKUP(L45,D:G,4,0) -> C62 | N45: =VLOOKUP(L45,D:H,2,0) -> 000004 | O45: =ROW(O43) -> 43
B46: 616-413-1C | C46: HEAD STOCK | D46: =VLOOKUP(B46,[7]IV!$B$21:$C$80,2,0) -> HEAD STOCK | E46: =VLOOKUP(D46,[6]USE!A:D,2,0) -> 000206 | F46: =VLOOKUP(D46,[6]USE!A:E,3,0) -> PCS | G46: =VLOOKUP(D46,[6]USE!A:D,4,0) -> C62 | K46: CROSS SLIDE | L46: =VLOOKUP(K46,C:F,2,0) -> CROSS SLIDE | M46: =VLOOKUP(L46,D:G,4,0) -> C62 | N46: =VLOOKUP(L46,D:H,2,0) -> 000002 | O46: =ROW(O44) -> 44
B47: 616-413-3A | C47: HEAD STOCK | D47: HEAD STOCK | E47: =VLOOKUP(D47,[6]USE!A:D,2,0) -> 000206 | F47: =VLOOKUP(D47,[6]USE!A:E,3,0) -> PCS | G47: =VLOOKUP(D47,[6]USE!A:D,4,0) -> C62 | K47: Y2 SLIDE BASE | L47: =VLOOKUP(K47,C:F,2,0) -> Y-SLIDE | M47: =VLOOKUP(L47,D:G,4,0) -> C62 | N47: =VLOOKUP(L47,D:H,2,0) -> 000186 | O47: =ROW(O45) -> 45
B48: 615-471C | C48: HEAD STOCK B1216E | D48: HEAD STOCK | E48: =VLOOKUP(D48,[6]USE!A:D,2,0) -> 000206 | F48: =VLOOKUP(D48,[6]USE!A:E,3,0) -> PCS | G48: =VLOOKUP(D48,[6]USE!A:D,4,0) -> C62 | K48: CROSS SLIDE | L48: =VLOOKUP(K48,C:F,2,0) -> CROSS SLIDE | M48: =VLOOKUP(L48,D:G,4,0) -> C62 | N48: =VLOOKUP(L48,D:H,2,0) -> 000002 | O48: =ROW(O46) -> 46
B49: 615-479C | C49: HEAD STOCK BRACKET | D49: BRACKET | E49: =VLOOKUP(D49,[6]USE!A:D,2,0) -> 000006 | F49: =VLOOKUP(D49,[6]USE!A:E,3,0) -> PCS | G49: =VLOOKUP(D49,[6]USE!A:D,4,0) -> C62 | K49: HEAD STOCK | L49: =VLOOKUP(K49,C:F,2,0) -> HEAD STOCK | M49: =VLOOKUP(L49,D:G,4,0) -> C62 | N49: =VLOOKUP(L49,D:H,2,0) -> 000206 | O49: =ROW(O47) -> 47
B50: 615-480-2 | C50: HEAD STOCK BRACKET | D50: BRACKET | E50: =VLOOKUP(D50,[6]USE!A:D,2,0) -> 000006 | F50: =VLOOKUP(D50,[6]USE!A:E,3,0) -> PCS | G50: =VLOOKUP(D50,[6]USE!A:D,4,0) -> C62 | H50: สมัยก่อนใช้ HEAD STOCK | K50: Z2 SLIDE | L50: =VLOOKUP(K50,C:F,2,0) -> Z2 SLIDE | M50: =VLOOKUP(L50,D:G,4,0) -> C62 | N50: =VLOOKUP(L50,D:H,2,0) -> 000175 | O50: =ROW(O48) -> 48
B51: 615-521-1C | C51: HEAD STOCK BRACKET L32 | D51: =VLOOKUP(B51,[7]IV!$B$21:$C$80,2,0) -> HEAD STOCK | E51: =VLOOKUP(D51,[6]USE!A:D,2,0) -> 000206 | F51: =VLOOKUP(D51,[6]USE!A:E,3,0) -> PCS | G51: =VLOOKUP(D51,[6]USE!A:D,4,0) -> C62 | K51: Z2 SLIDE | L51: =VLOOKUP(K51,C:F,2,0) -> Z2 SLIDE | M51: =VLOOKUP(L51,D:G,4,0) -> C62 | N51: =VLOOKUP(L51,D:H,2,0) -> 000175 | O51: =ROW(O49) -> 49
B52: 615-468-2C | C52: HEAD STOCK FOR L12 | D52: HEAD STOCK | E52: =VLOOKUP(D52,[6]USE!A:D,2,0) -> 000206 | F52: =VLOOKUP(D52,[6]USE!A:E,3,0) -> PCS | G52: =VLOOKUP(D52,[6]USE!A:D,4,0) -> C62 | K52: BACK HEAD STOCK L320E | L52: =VLOOKUP(K52,C:F,2,0) -> HEAD STOCK | M52: =VLOOKUP(L52,D:G,4,0) -> C62 | N52: =VLOOKUP(L52,D:H,2,0) -> 000206 | O52: =ROW(O50) -> 50
B53: 616-388C | C53: HEAD STOCK FOR L12 | D53: HEAD STOCK | E53: =VLOOKUP(D53,[6]USE!A:D,2,0) -> 000206 | F53: =VLOOKUP(D53,[6]USE!A:E,3,0) -> PCS | G53: =VLOOKUP(D53,[6]USE!A:D,4,0) -> C62 | K53: HEAD STOCK | L53: =VLOOKUP(K53,C:F,2,0) -> HEAD STOCK | M53: =VLOOKUP(L53,D:G,4,0) -> C62 | N53: =VLOOKUP(L53,D:H,2,0) -> 000206 | O53: =ROW(O51) -> 51
B54: 615-468-2C | C54: HEAD STOCK L12 | D54: HEAD STOCK | E54: =VLOOKUP(D54,[6]USE!A:D,2,0) -> 000206 | F54: =VLOOKUP(D54,[6]USE!A:E,3,0) -> PCS | G54: =VLOOKUP(D54,[6]USE!A:D,4,0) -> C62 | K54: BACK HEAD STOCK | L54: =VLOOKUP(K54,C:F,2,0) -> HEAD STOCK | M54: =VLOOKUP(L54,D:G,4,0) -> C62 | N54: =VLOOKUP(L54,D:H,2,0) -> 000206 | O54: =ROW(O52) -> 52
B55: 616-388C | C55: HEAD STOCK L12 | D55: HEAD STOCK | E55: =VLOOKUP(D55,[6]USE!A:D,2,0) -> 000206 | F55: =VLOOKUP(D55,[6]USE!A:E,3,0) -> PCS | G55: =VLOOKUP(D55,[6]USE!A:D,4,0) -> C62 | K55: HEAD STOCK | L55: =VLOOKUP(K55,C:F,2,0) -> HEAD STOCK | M55: =VLOOKUP(L55,D:G,4,0) -> C62 | N55: =VLOOKUP(L55,D:H,2,0) -> 000206 | O55: =ROW(O53) -> 53
B56: 615-1003-1C | C56: HEAD STOCK L212 | D56: =VLOOKUP(B56,[7]IV!$B$21:$C$80,2,0) -> HEAD STOCK | E56: =VLOOKUP(D56,[6]USE!A:D,2,0) -> 000206 | F56: =VLOOKUP(D56,[6]USE!A:E,3,0) -> PCS | G56: =VLOOKUP(D56,[6]USE!A:D,4,0) -> C62 | K56: X1 SLIDE | L56: =VLOOKUP(K56,C:F,2,0) -> X-SLIDE | M56: =VLOOKUP(L56,D:G,4,0) -> C62 | N56: =VLOOKUP(L56,D:H,2,0) -> 000004 | O56: =ROW(O54) -> 54
B57: 615-507-2C | C57: HEAD STOCK L220E | D57: HEAD STOCK | E57: =VLOOKUP(D57,[6]USE!A:D,2,0) -> 000206 | F57: =VLOOKUP(D57,[6]USE!A:E,3,0) -> PCS | G57: =VLOOKUP(D57,[6]USE!A:D,4,0) -> C62 | K57: CROSS SLIDE | L57: =VLOOKUP(K57,C:F,2,0) -> CROSS SLIDE | M57: =VLOOKUP(L57,D:G,4,0) -> C62 | N57: =VLOOKUP(L57,D:H,2,0) -> 000002 | O57: =ROW(O55) -> 55
B58: 616-416-5A | C58: HEAD STOCK L32 | D58: HEAD STOCK | E58: =VLOOKUP(D58,[6]USE!A:D,2,0) -> 000206 | F58: =VLOOKUP(D58,[6]USE!A:E,3,0) -> PCS | G58: =VLOOKUP(D58,[6]USE!A:D,4,0) -> C62 | K58: Z2 SLIDE | L58: =VLOOKUP(K58,C:F,2,0) -> Z2 SLIDE | M58: =VLOOKUP(L58,D:G,4,0) -> C62 | N58: =VLOOKUP(L58,D:H,2,0) -> 000175 | O58: =ROW(O56) -> 56
B59: 614-290C | C59: LEVER BRACKET L12 | D59: =VLOOKUP(B59,[7]IV!$B$21:$C$80,2,0) -> LEVER BRACKET | E59: =VLOOKUP(D59,[6]USE!A:D,2,0) -> 000135 | F59: =VLOOKUP(D59,[6]USE!A:E,3,0) -> PCS | G59: =VLOOKUP(D59,[6]USE!A:D,4,0) -> C62 | K59: Y2 SLIDE | L59: =VLOOKUP(K59,C:F,2,0) -> Y-SLIDE | M59: =VLOOKUP(L59,D:G,4,0) -> C62 | N59: =VLOOKUP(L59,D:H,2,0) -> 000186 | O59: =ROW(O57) -> 57
B60: 613-238-2C | C60: MOTOR BRACKET | D60: MOTOR BRACKET | E60: =VLOOKUP(D60,[6]USE!A:D,2,0) -> 000003 | F60: =VLOOKUP(D60,[6]USE!A:E,3,0) -> PCS | G60: =VLOOKUP(D60,[6]USE!A:D,4,0) -> C62 | K60: BED R50140 | L60: =VLOOKUP(K60,C:F,2,0) -> BED | M60: =VLOOKUP(L60,D:G,4,0) -> C62 | N60: =VLOOKUP(L60,D:H,2,0) -> 000173 | O60: =ROW(O58) -> 58
B61: 613-256-2C | C61: MOTOR BRACKET | D61: =VLOOKUP(B61,[7]IV!$B$21:$C$80,2,0) -> MOTOR BRACKET | E61: =VLOOKUP(D61,[6]USE!A:D,2,0) -> 000003 | F61: =VLOOKUP(D61,[6]USE!A:E,3,0) -> PCS | G61: =VLOOKUP(D61,[6]USE!A:D,4,0) -> C62 | K61: BED L320E | L61: =VLOOKUP(K61,C:F,2,0) -> BED | M61: =VLOOKUP(L61,D:G,4,0) -> C62 | N61: =VLOOKUP(L61,D:H,2,0) -> 000173 | O61: =ROW(O59) -> 59
B62: 615-425-6A | C62: MOTOR HOUSING | D62: MOTOR HOUSING | E62: =VLOOKUP(D62,[6]USE!A:D,2,0) -> 000187 | F62: =VLOOKUP(D62,[6]USE!A:E,3,0) -> PCS | G62: =VLOOKUP(D62,[6]USE!A:D,4,0) -> C62 | K62: Z2 SLIDE | L62: =VLOOKUP(K62,C:F,2,0) -> Z2 SLIDE | M62: =VLOOKUP(L62,D:G,4,0) -> C62 | N62: =VLOOKUP(L62,D:H,2,0) -> 000175 | O62: =ROW(O60) -> 60
B63: 615-425-2C | C63: MOTOR HOUSING A32 | D63: MOTOR HOUSING | E63: =VLOOKUP(D63,[6]USE!A:D,2,0) -> 000187 | F63: =VLOOKUP(D63,[6]USE!A:E,3,0) -> PCS | G63: =VLOOKUP(D63,[6]USE!A:D,4,0) -> C62 | K63: TOOL POST | L63: =VLOOKUP(K63,C:F,2,0) -> TOOL POST | M63: =VLOOKUP(L63,D:G,4,0) -> C62 | N63: =VLOOKUP(L63,D:H,2,0) -> 000174 | O63: =ROW(O61) -> 61
B64: 615-425-2C | C64: MOTOR HOUSING FOR A32 | D64: MOTOR HOUSING | E64: =VLOOKUP(D64,[6]USE!A:D,2,0) -> 000187 | F64: =VLOOKUP(D64,[6]USE!A:E,3,0) -> PCS | G64: =VLOOKUP(D64,[6]USE!A:D,4,0) -> C62 | K64: SLEEVE HOLDER | L64: =VLOOKUP(K64,C:F,2,0) -> SLEEVE HOLDER | M64: =VLOOKUP(L64,D:G,4,0) -> C62 | N64: =VLOOKUP(L64,D:H,2,0) -> 000119 | O64: =ROW(O62) -> 62
B65: 617-107-1C | C65: RM BODY B1216 | D65: BED | E65: =VLOOKUP(D65,[6]USE!A:D,2,0) -> 000173 | F65: =VLOOKUP(D65,[6]USE!A:E,3,0) -> PCS | G65: =VLOOKUP(D65,[6]USE!A:D,4,0) -> C62 | K65: TOOL POST L212 | L65: =VLOOKUP(K65,C:F,2,0) -> TOOL POST | M65: =VLOOKUP(L65,D:G,4,0) -> C62 | N65: =VLOOKUP(L65,D:H,2,0) -> 000174 | O65: =ROW(O63) -> 63
B66: 618-081-4C | C66: RM BODY L12 | D66: BODY | E66: =VLOOKUP(D66,[6]USE!A:D,2,0) -> 000001 | F66: =VLOOKUP(D66,[6]USE!A:E,3,0) -> PCS | G66: =VLOOKUP(D66,[6]USE!A:D,4,0) -> C62 | K66: CROSS SLIDE L212 | L66: =VLOOKUP(K66,C:F,2,0) -> CROSS SLIDE | M66: =VLOOKUP(L66,D:G,4,0) -> C62 | N66: =VLOOKUP(L66,D:H,2,0) -> 000002 | O66: =ROW(O64) -> 64
B67: 615-423-1C | C67: RM CHUCKING LEVER | D67: CHUCKING LEVER | E67: =VLOOKUP(D67,[6]USE!A:D,2,0) -> 000084 | F67: =VLOOKUP(D67,[6]USE!A:E,3,0) -> PCS | G67: =VLOOKUP(D67,[6]USE!A:D,4,0) -> C62 | K67: Z2 SLIDE L212 | L67: =VLOOKUP(K67,C:F,2,0) -> Z2 SLIDE | M67: =VLOOKUP(L67,D:G,4,0) -> C62 | N67: =VLOOKUP(L67,D:H,2,0) -> 000175 | O67: =ROW(O65) -> 65
B68: 616-0015-1C | C68: RM CROSS SLIDE | D68: =VLOOKUP(B68,[7]IV!$B$21:$C$80,2,0) -> CROSS SLIDE | E68: =VLOOKUP(D68,[6]USE!A:D,2,0) -> 000002 | F68: =VLOOKUP(D68,[6]USE!A:E,3,0) -> PCS | G68: =VLOOKUP(D68,[6]USE!A:D,4,0) -> C62 | K68: HEAD STOCK L212 | L68: =VLOOKUP(K68,C:F,2,0) -> HEAD STOCK | M68: =VLOOKUP(L68,D:G,4,0) -> C62 | N68: =VLOOKUP(L68,D:H,2,0) -> 000206 | O68: =ROW(O66) -> 66
B69: 613-247C | C69: SEAL HOLDER A320N | D69: SEAL HOLDER | E69: 999999 | F69: PCS | G69: C62 | H69: NON-BOI | K69: TOOL POST | L69: =VLOOKUP(K69,C:F,2,0) -> TOOL POST | M69: =VLOOKUP(L69,D:G,4,0) -> C62 | N69: =VLOOKUP(L69,D:H,2,0) -> 000174 | O69: =ROW(O67) -> 67
B70: 616-301-1C | C70: SLEEVE HOLDER | D70: SLEEVE HOLDER | E70: =VLOOKUP(D70,[6]USE!A:D,2,0) -> 000119 | F70: =VLOOKUP(D70,[6]USE!A:E,3,0) -> PCS | G70: =VLOOKUP(D70,[6]USE!A:D,4,0) -> C62 | K70: X SLIDE | L70: =VLOOKUP(K70,C:F,2,0) -> X-SLIDE | M70: =VLOOKUP(L70,D:G,4,0) -> C62 | N70: =VLOOKUP(L70,D:H,2,0) -> 000004 | O70: =ROW(O68) -> 68
B71: 615-465C | C71: SLEEVE HOLDER | D71: =VLOOKUP(B71,[7]IV!$B$21:$C$80,2,0) -> SLEEVE HOLDER | E71: =VLOOKUP(D71,[6]USE!A:D,2,0) -> 000119 | F71: =VLOOKUP(D71,[6]USE!A:E,3,0) -> PCS | G71: =VLOOKUP(D71,[6]USE!A:D,4,0) -> C62 | K71: CROSS SLIDE | L71: =VLOOKUP(K71,C:F,2,0) -> CROSS SLIDE | M71: =VLOOKUP(L71,D:G,4,0) -> C62 | N71: =VLOOKUP(L71,D:H,2,0) -> 000002 | O71: =ROW(O69) -> 69
B72: 642-125C | C72: SLEEVE HOLDER L12 | D72: =VLOOKUP(B72,[7]IV!$B$21:$C$80,2,0) -> SLEEVE HOLDER | E72: =VLOOKUP(D72,[6]USE!A:D,2,0) -> 000119 | F72: =VLOOKUP(D72,[6]USE!A:E,3,0) -> PCS | G72: =VLOOKUP(D72,[6]USE!A:D,4,0) -> C62 | K72: Z2 SLIDE | L72: =VLOOKUP(K72,C:F,2,0) -> Z2 SLIDE | M72: =VLOOKUP(L72,D:G,4,0) -> C62 | N72: =VLOOKUP(L72,D:H,2,0) -> 000175 | O72: =ROW(O70) -> 70
B73: 615-200C | C73: SLIDE BASE B1216E | D73: SLIDE BASE | E73: =VLOOKUP(D73,[6]USE!A:D,2,0) -> 000008 | F73: =VLOOKUP(D73,[6]USE!A:E,3,0) -> PCS | G73: =VLOOKUP(D73,[6]USE!A:D,4,0) -> C62 | K73: Z2 SLIDE | L73: =VLOOKUP(K73,C:F,2,0) -> Z2 SLIDE | M73: =VLOOKUP(L73,D:G,4,0) -> C62 | N73: =VLOOKUP(L73,D:H,2,0) -> 000175 | O73: =ROW(O71) -> 71
B74: 616-1002C | C74: SLIDE BASE L212 | D74: =VLOOKUP(B74,[7]IV!$B$21:$C$80,2,0) -> SLIDE BASE | E74: =VLOOKUP(D74,[6]USE!A:D,2,0) -> 000008 | F74: =VLOOKUP(D74,[6]USE!A:E,3,0) -> PCS | G74: =VLOOKUP(D74,[6]USE!A:D,4,0) -> C62 | K74: BED L32 | L74: =VLOOKUP(K74,C:F,2,0) -> BED | M74: =VLOOKUP(L74,D:G,4,0) -> C62 | N74: =VLOOKUP(L74,D:H,2,0) -> 000173 | O74: =ROW(O72) -> 72
B75: 617-117-16A | C75: TOOL POST | D75: TOOL POST | E75: =VLOOKUP(D75,[6]USE!A:D,2,0) -> 000174 | F75: =VLOOKUP(D75,[6]USE!A:E,3,0) -> PCS | G75: =VLOOKUP(D75,[6]USE!A:D,4,0) -> C62 | K75: BED L320E | L75: =VLOOKUP(K75,C:F,2,0) -> BED | M75: =VLOOKUP(L75,D:G,4,0) -> C62 | N75: =VLOOKUP(L75,D:H,2,0) -> 000173 | O75: =ROW(O73) -> 73
B76: 617-117-17A | C76: TOOL POST | D76: TOOL POST | E76: =VLOOKUP(D76,[6]USE!A:D,2,0) -> 000174 | F76: =VLOOKUP(D76,[6]USE!A:E,3,0) -> PCS | G76: =VLOOKUP(D76,[6]USE!A:D,4,0) -> C62 | K76: BED L232 | L76: =VLOOKUP(K76,C:F,2,0) -> BED | M76: =VLOOKUP(L76,D:G,4,0) -> C62 | N76: =VLOOKUP(L76,D:H,2,0) -> 000173 | O76: =ROW(O74) -> 74
B77: 617-117-2C | C77: TOOL POST | D77: TOOL POST | E77: =VLOOKUP(D77,[6]USE!A:D,2,0) -> 000174 | F77: =VLOOKUP(D77,[6]USE!A:E,3,0) -> PCS | G77: =VLOOKUP(D77,[6]USE!A:D,4,0) -> C62 | K77: CROSS SLIDE | L77: =VLOOKUP(K77,C:F,2,0) -> CROSS SLIDE | M77: =VLOOKUP(L77,D:G,4,0) -> C62 | N77: =VLOOKUP(L77,D:H,2,0) -> 000002 | O77: =ROW(O75) -> 75
B78: 617-106-1C | C78: TOOL POST B1216E | D78: TOOL POST | E78: =VLOOKUP(D78,[6]USE!A:D,2,0) -> 000174 | F78: =VLOOKUP(D78,[6]USE!A:E,3,0) -> PCS | G78: =VLOOKUP(D78,[6]USE!A:D,4,0) -> C62 | K78: TOOL POST L32 | L78: =VLOOKUP(K78,C:F,2,0) -> TOOL POST | M78: =VLOOKUP(L78,D:G,4,0) -> C62 | N78: =VLOOKUP(L78,D:H,2,0) -> 000174 | O78: =ROW(O76) -> 76
B79: 617-112-1C | C79: TOOL POST L12 | D79: TOOL POST | E79: =VLOOKUP(D79,[6]USE!A:D,2,0) -> 000174 | F79: =VLOOKUP(D79,[6]USE!A:E,3,0) -> PCS | G79: =VLOOKUP(D79,[6]USE!A:D,4,0) -> C62 | K79: TOOL POST L212 | L79: =VLOOKUP(K79,C:F,2,0) -> TOOL POST | M79: =VLOOKUP(L79,D:G,4,0) -> C62 | N79: =VLOOKUP(L79,D:H,2,0) -> 000174 | O79: =ROW(O77) -> 77
B80: 617-0011-1C | C80: TOOL POST L212 | D80: =VLOOKUP(B80,[7]IV!$B$21:$C$80,2,0) -> TOOL POST | E80: =VLOOKUP(D80,[6]USE!A:D,2,0) -> 000174 | F80: =VLOOKUP(D80,[6]USE!A:E,3,0) -> PCS | G80: =VLOOKUP(D80,[6]USE!A:D,4,0) -> C62 | K80: TOOL POST | L80: =VLOOKUP(K80,C:F,2,0) -> TOOL POST | M80: =VLOOKUP(L80,D:G,4,0) -> C62 | N80: =VLOOKUP(L80,D:H,2,0) -> 000174 | O80: =ROW(O78) -> 78
B81: 617-130-2C | C81: TOOL POST L32 | D81: TOOL POST | E81: =VLOOKUP(D81,[6]USE!A:D,2,0) -> 000174 | F81: =VLOOKUP(D81,[6]USE!A:E,3,0) -> PCS | G81: =VLOOKUP(D81,[6]USE!A:D,4,0) -> C62 | K81: CROSS SLIDE | L81: =VLOOKUP(K81,C:F,2,0) -> CROSS SLIDE | M81: =VLOOKUP(L81,D:G,4,0) -> C62 | N81: =VLOOKUP(L81,D:H,2,0) -> 000002 | O81: =ROW(O79) -> 79
B82: 616-432-6A | C82: X SLIDE | D82: X-SLIDE | E82: =VLOOKUP(D82,[6]USE!A:D,2,0) -> 000004 | F82: =VLOOKUP(D82,[6]USE!A:E,3,0) -> PCS | G82: =VLOOKUP(D82,[6]USE!A:D,4,0) -> C62 | K82: HEAD STOCK | L82: =VLOOKUP(K82,C:F,2,0) -> HEAD STOCK | M82: =VLOOKUP(L82,D:G,4,0) -> C62 | N82: =VLOOKUP(L82,D:H,2,0) -> 000206 | O82: =ROW(O80) -> 80
B83: 615-464-2C | C83: X SLIDE FOR L12 | D83: X-SLIDE | E83: =VLOOKUP(D83,[6]USE!A:D,2,0) -> 000004 | F83: =VLOOKUP(D83,[6]USE!A:E,3,0) -> PCS | G83: =VLOOKUP(D83,[6]USE!A:D,4,0) -> C62 | K83: RM BODY L12 | L83: =VLOOKUP(K83,C:F,2,0) -> BODY | M83: =VLOOKUP(L83,D:G,4,0) -> C62 | N83: =VLOOKUP(L83,D:H,2,0) -> 000001 | O83: =ROW(O81) -> 81
B84: 615-464-2C | C84: X SLIDE L12 | D84: X-SLIDE | E84: =VLOOKUP(D84,[6]USE!A:D,2,0) -> 000004 | F84: =VLOOKUP(D84,[6]USE!A:E,3,0) -> PCS | G84: =VLOOKUP(D84,[6]USE!A:D,4,0) -> C62 | K84: BED L212 | L84: =VLOOKUP(K84,C:F,2,0) -> BED | M84: =VLOOKUP(L84,D:G,4,0) -> C62 | N84: =VLOOKUP(L84,D:H,2,0) -> 000173 | O84: =ROW(O82) -> 82
B85: 615-486-12A | C85: X SLIDE L220E | D85: X-SLIDE | E85: =VLOOKUP(D85,[6]USE!A:D,2,0) -> 000004 | F85: =VLOOKUP(D85,[6]USE!A:E,3,0) -> PCS | G85: =VLOOKUP(D85,[6]USE!A:D,4,0) -> C62 | K85: BED L320E | L85: =VLOOKUP(K85,C:F,2,0) -> BED | M85: =VLOOKUP(L85,D:G,4,0) -> C62 | N85: =VLOOKUP(L85,D:H,2,0) -> 000173 | O85: =ROW(O83) -> 83
B86: 615-486C | C86: X SLIDE L220E | D86: X-SLIDE | E86: =VLOOKUP(D86,[6]USE!A:D,2,0) -> 000004 | F86: =VLOOKUP(D86,[6]USE!A:E,3,0) -> PCS | G86: =VLOOKUP(D86,[6]USE!A:D,4,0) -> C62 | K86: MOTOR BRACKET | L86: =VLOOKUP(K86,C:F,2,0) -> MOTOR BRACKET | M86: =VLOOKUP(L86,D:G,4,0) -> C62 | N86: =VLOOKUP(L86,D:H,2,0) -> 000003 | O86: =ROW(O84) -> 84
B87: 616-419-5A | C87: X1 SLIDE L32 | D87: X-SLIDE | E87: =VLOOKUP(D87,[6]USE!A:D,2,0) -> 000004 | F87: =VLOOKUP(D87,[6]USE!A:E,3,0) -> PCS | G87: =VLOOKUP(D87,[6]USE!A:D,4,0) -> C62 | K87: CROSS SLIDE | L87: =VLOOKUP(K87,C:F,2,0) -> CROSS SLIDE | M87: =VLOOKUP(L87,D:G,4,0) -> C62 | N87: =VLOOKUP(L87,D:H,2,0) -> 000002 | O87: =ROW(O85) -> 85
B88: 616-157C | C88: X-SLIDE B1216E | D88: X-SLIDE | E88: =VLOOKUP(D88,[6]USE!A:D,2,0) -> 000004 | F88: =VLOOKUP(D88,[6]USE!A:E,3,0) -> PCS | G88: =VLOOKUP(D88,[6]USE!A:D,4,0) -> C62 | K88: BASE L220E | L88: =VLOOKUP(K88,C:F,2,0) -> GUIDE BUSH BASE | M88: =VLOOKUP(L88,D:G,4,0) -> C62 | N88: =VLOOKUP(L88,D:H,2,0) -> 000213 | O88: =ROW(O86) -> 86
B89: 616-354-3C | C89: Y SLIDE BASE | D89: Y-SLIDE | E89: =VLOOKUP(D89,[6]USE!A:D,2,0) -> 000186 | F89: =VLOOKUP(D89,[6]USE!A:E,3,0) -> PCS | G89: =VLOOKUP(D89,[6]USE!A:D,4,0) -> C62 | K89: CHUCKING LEVER A320N | L89: =VLOOKUP(K89,C:F,2,0) -> CHUCKING LEVER | M89: =VLOOKUP(L89,D:G,4,0) -> C62 | N89: =VLOOKUP(L89,D:H,2,0) -> 000084 | O89: =ROW(O87) -> 87
B90: 616-1019-01R | C90: Y2 AXIS BASE | D90: Y-SLIDE | E90: =VLOOKUP(D90,[6]USE!A:D,2,0) -> 000186 | F90: =VLOOKUP(D90,[6]USE!A:E,3,0) -> PCS | G90: =VLOOKUP(D90,[6]USE!A:D,4,0) -> C62 | H90: Add-09/05/2026 | K90: HEAD STOCK BRACKET | L90: =VLOOKUP(K90,C:F,2,0) -> BRACKET | M90: =VLOOKUP(L90,D:G,4,0) -> C62 | N90: =VLOOKUP(L90,D:H,2,0) -> 000006 | O90: =ROW(O88) -> 88
B91: 616-1020-01R | C91: Y2 SLIDE | D91: Y-SLIDE | E91: =VLOOKUP(D91,[6]USE!A:D,2,0) -> 000186 | F91: =VLOOKUP(D91,[6]USE!A:E,3,0) -> PCS | G91: =VLOOKUP(D91,[6]USE!A:D,4,0) -> C62 | H91: Add-09/05/2026 | K91: HEAD STOCK L32 | L91: =VLOOKUP(K91,C:F,2,0) -> HEAD STOCK | M91: =VLOOKUP(L91,D:G,4,0) -> C62 | N91: =VLOOKUP(L91,D:H,2,0) -> 000206 | O91: =ROW(O89) -> 89
B92: 616-425-2C | C92: Y2 AXIS BASE L32B | D92: Y-SLIDE | E92: =VLOOKUP(D92,[6]USE!A:D,2,0) -> 000186 | F92: =VLOOKUP(D92,[6]USE!A:E,3,0) -> PCS | G92: =VLOOKUP(D92,[6]USE!A:D,4,0) -> C62 | K92: TOOL POST L32 | L92: =VLOOKUP(K92,C:F,2,0) -> TOOL POST | M92: =VLOOKUP(L92,D:G,4,0) -> C62 | N92: =VLOOKUP(L92,D:H,2,0) -> 000174 | O92: =ROW(O90) -> 90
B93: 0616-425-2 | C93: Y2 AXIS BASE L32 | D93: Y-SLIDE | E93: =VLOOKUP(D93,[6]USE!A:D,2,0) -> 000186 | F93: =VLOOKUP(D93,[6]USE!A:E,3,0) -> PCS | G93: =VLOOKUP(D93,[6]USE!A:D,4,0) -> C62 | K93: Y2 AXIS BASE L32 | L93: =VLOOKUP(K93,C:F,2,0) -> Y-SLIDE | M93: =VLOOKUP(L93,D:G,4,0) -> C62 | N93: =VLOOKUP(L93,D:H,2,0) -> 000186 | O93: =ROW(O91) -> 91
B94: 615-511-5A | C94: Y2 SLIDE BASE FOR L220E | D94: Y-SLIDE | E94: =VLOOKUP(D94,[6]USE!A:D,2,0) -> 000186 | F94: =VLOOKUP(D94,[6]USE!A:E,3,0) -> PCS | G94: =VLOOKUP(D94,[6]USE!A:D,4,0) -> C62 | H94: WIP BACK HEAD STOCK | K94: CROSS SLIDE L32 | L94: =VLOOKUP(K94,C:F,2,0) -> CROSS SLIDE | M94: =VLOOKUP(L94,D:G,4,0) -> C62 | N94: =VLOOKUP(L94,D:H,2,0) -> 000002 | O94: =ROW(O92) -> 92
B95: 615-511C | C95: Y2 SLIDE BASE FOR L220E | D95: Y-SLIDE | E95: =VLOOKUP(D95,[6]USE!A:D,2,0) -> 000186 | F95: =VLOOKUP(D95,[6]USE!A:E,3,0) -> PCS | G95: =VLOOKUP(D95,[6]USE!A:D,4,0) -> C62 | H95: รอเช็คเวียดนามเปิดชื่อมาผิด | K95: RM CHUCKING LEVER | L95: =VLOOKUP(K95,C:F,2,0) -> CHUCKING LEVER | M95: =VLOOKUP(L95,D:G,4,0) -> C62 | N95: =VLOOKUP(L95,D:H,2,0) -> 000084 | O95: =ROW(O93) -> 93
B96: 615-511-5A | C96: Y2 SLIDE BASE L220E | D96: Y-SLIDE | E96: =VLOOKUP(D96,[6]USE!A:D,2,0) -> 000186 | F96: =VLOOKUP(D96,[6]USE!A:E,3,0) -> PCS | G96: =VLOOKUP(D96,[6]USE!A:D,4,0) -> C62 | K96: CHUCKING LEVER L32 | L96: =VLOOKUP(K96,C:F,2,0) -> CHUCKING LEVER | M96: =VLOOKUP(L96,D:G,4,0) -> C62 | N96: =VLOOKUP(L96,D:H,2,0) -> 000084 | O96: =ROW(O94) -> 94
B97: 615-478-4A | C97: Z2 SLIDE | D97: Z2 SLIDE | E97: =VLOOKUP(D97,[6]USE!A:D,2,0) -> 000175 | F97: =VLOOKUP(D97,[6]USE!A:E,3,0) -> PCS | G97: =VLOOKUP(D97,[6]USE!A:D,4,0) -> C62 | K97: CROSS SLIDE L212 | L97: =VLOOKUP(K97,C:F,2,0) -> CROSS SLIDE | M97: =VLOOKUP(L97,D:G,4,0) -> C62 | N97: =VLOOKUP(L97,D:H,2,0) -> 000002 | O97: =ROW(O95) -> 95
B98: 615-478C | C98: Z2 SLIDE | D98: Z2 SLIDE | E98: =VLOOKUP(D98,[6]USE!A:D,2,0) -> 000175 | F98: =VLOOKUP(D98,[6]USE!A:E,3,0) -> PCS | G98: =VLOOKUP(D98,[6]USE!A:D,4,0) -> C62 | K98: SLIDE BASE L212 | L98: =VLOOKUP(K98,C:F,2,0) -> SLIDE BASE | M98: =VLOOKUP(L98,D:G,4,0) -> C62 | N98: =VLOOKUP(L98,D:H,2,0) -> 000008 | O98: =ROW(O96) -> 96
B99: 614-285-2C | C99: Z2 SLIDE FOR L12 | D99: =VLOOKUP(B99,[7]IV!$B$21:$C$80,2,0) -> Z2 SLIDE | E99: =VLOOKUP(D99,[6]USE!A:D,2,0) -> 000175 | F99: =VLOOKUP(D99,[6]USE!A:E,3,0) -> PCS | G99: =VLOOKUP(D99,[6]USE!A:D,4,0) -> C62 | K99: Y2 SLIDE BASE | L99: =VLOOKUP(K99,C:F,2,0) -> Y-SLIDE | M99: =VLOOKUP(L99,D:G,4,0) -> C62 | N99: =VLOOKUP(L99,D:H,2,0) -> 000186 | O99: =ROW(O97) -> 97
B100: 614-285-2C | C100: Z2 SLIDE L12 | D100: Z2 SLIDE | E100: =VLOOKUP(D100,[6]USE!A:D,2,0) -> 000175 | F100: =VLOOKUP(D100,[6]USE!A:E,3,0) -> PCS | G100: =VLOOKUP(D100,[6]USE!A:D,4,0) -> C62 | K100: CROSS SLIDE | L100: =VLOOKUP(K100,C:F,2,0) -> CROSS SLIDE | M100: =VLOOKUP(L100,D:G,4,0) -> C62 | N100: =VLOOKUP(L100,D:H,2,0) -> 000002 | O100: =ROW(O98) -> 98
...

Sheet IV
A1: CITIZEN MACHINERY VIETNAM CO., LTD
A2: Land plot J2, J3, J4, Japan Hai Phong IZ, Hong An ward, Hai Phong city, Viet Nam
A3: Tel: 84-225-3743232, 33 Fax: 84-225-3743234
A4: Account: (JPY) 155756, or (USD) 237132 at MUFG Bank, Ltd - Hanoi Branch
A6: INVOICE
B8: By order and for account and risk of: | H8: Invoice No.: | I8: CMV/INV26-103
B9: Consignee: | C9: CITIZEN MACHINERY ASIA CO., LTD | H9: Invoice date: | I9: 46252
B10: 199, Mu 1 Phahon Yothin Road, Sanap Tuep Sub-district, | H10: Contract (P.O) No.: 112602255;3429,3620,3655,3663
B11: Wang Noi District, Phra Nakhon Si Ayutthaya Province 13170, Thailand | H11: =CONCATENATE( "Contract (P.O date.: ", PO!E14) -> Contract (P.O date.: June 15th 2026
B12: Tel: 66 (0)35 902-640-1 # 807; Fax: 66 (0)35 902-644 | H12: Delivery Terms: CIF Laem Chabang, Thailand
H13: =CONCATENATE( "ETA Laem Chabang: ", PO!E18) -> ETA Laem Chabang: On or about August 23rd 2026
B14: Name of vessel/Voy. | C14: HF LUCKY 2617S | H14: Terms of Payment:
B15: Sailing on: | C15: =CONCATENATE(PO!K18,PO!K19,PO!K20) -> August 19th 2026 | I15: By T.T within 30 days after Invoice date
B16: Port of loading: | C16: Haiphong, Vietnam | H16: Insurance: To be covered by Shipper
B17: Port of discharge: | C17: Laem Chabang, Thailand | H17: Packing: Standard export packing
A19: No | C19: Description of goods | E19: P.O No. | F19: Quantity | H19: Unit Price | I19: Amount (JPY)
A20: =PO!C22 -> PARTS FOR CNC AUTOMATIC LATHE.
A21: 1 | B21: 0618-081-4 | C21: BODY | E21: 112603655 | F21: 5 | G21: PCS | H21: 255935 | I21: =IF(ISERROR(H21*F21),"",(H21*F21)) -> 1279675 | L21: =VLOOKUP(B21:B77,PO!C25:J81,8,0)*F21 -> 4360
A22: 2 | B22: 0618-084-2 | C22: BED | E22: 112603649 | F22: 3 | G22: PCS | H22: 315980 | I22: =IF(ISERROR(H22*F22),"",(H22*F22)) -> 947940 | L22: =VLOOKUP(B22:B78,PO!C26:J82,8,0)*F22 -> 3510
A23: 3 | B23: 618-084-13F | C23: BED | E23: 112602255 | F23: 8 | G23: PCS | H23: 410206 | I23: =IF(ISERROR(H23*F23),"",(H23*F23)) -> 3281648 | L23: =VLOOKUP(B23:B79,PO!C27:J96,8,0)*F23 -> 9360
A24: 4 | B24: 0618-087-2 | C24: BED | E24: 112603639 | F24: 2 | G24: PCS | H24: 408610 | I24: =IF(ISERROR(H24*F24),"",(H24*F24)) -> 817220 | L24: =VLOOKUP(B24:B80,PO!C28:J97,8,0)*F24 -> 2750
A25: 5 | B25: 0618-1001-4 | C25: BED | E25: 112603649 | F25: 7 | G25: PCS | H25: 341932 | I25: =IF(ISERROR(H25*F25),"",(H25*F25)) -> 2393524 | L25: =VLOOKUP(B25:B81,PO!C29:J98,8,0)*F25 -> 8155
A26: 6 | B26: 618-089-4F | C26: BED | E26: 112602939:2, 112603652:6 | F26: 8 | G26: PCS | H26: 208338 | I26: =IF(ISERROR(H26*F26),"",(H26*F26)) -> 1666704 | L26: =VLOOKUP(B26:B82,PO!C30:J99,8,0)*F26 -> 4720
A27: 7 | B27: 0618-1002-1 | C27: BED | E27: 112603639:4, 112603663:10 | F27: 14 | G27: PCS | H27: 394030 | I27: =IF(ISERROR(H27*F27),"",(H27*F27)) -> 5516420 | L27: =VLOOKUP(B27:B83,PO!C31:J100,8,0)*F27 -> 18620
A28: 8 | B28: 618-1005-03F | C28: BED | E28: 112603429 | F28: 5 | G28: PCS | H28: 571830 | I28: =IF(ISERROR(H28*F28),"",(H28*F28)) -> 2859150 | L28: =VLOOKUP(B28:B84,PO!C32:J101,8,0)*F28 -> 7940
A29: 9 | B29: 0613-238-2 | C29: MOTOR BRACKET | E29: 112604604 | F29: 50 | G29: PCS | H29: 1920 | I29: =IF(ISERROR(H29*F29),"",(H29*F29)) -> 96000 | L29: =VLOOKUP(B29:B85,PO!C33:J102,8,0)*F29 -> 300
A30: 10 | B30: 0617-116-3 | C30: CROSS SLIDE | E30: 112603662 | F30: 18 | G30: PCS | H30: 14226 | I30: =IF(ISERROR(H30*F30),"",(H30*F30)) -> 256068 | L30: =VLOOKUP(B30:B105,PO!C34:J103,8,0)*F30 -> 828
A31: 11 | B31: 617-116-9R | C31: CROSS SLIDE | E31: 112603660 | F31: 10 | G31: PCS | H31: 32349 | I31: =IF(ISERROR(H31*F31),"",(H31*F31)) -> 323490 | L31: =VLOOKUP(B31:B106,PO!C35:J104,8,0)*F31 -> 460
A32: 12 | B32: 0614-291-1 | C32: GUIDE BUSH BASE | E32: 112603667 | F32: 30 | G32: PCS | H32: 2165 | I32: =IF(ISERROR(H32*F32),"",(H32*F32)) -> 64950 | L32: =VLOOKUP(B32:B107,PO!C36:J105,8,0)*F32 -> 210
A33: 13 | B33: 0615-478 | C33: Z2 SLIDE | E33: 112603662 | F33: 10 | G33: PCS | H33: 8806 | I33: =IF(ISERROR(H33*F33),"",(H33*F33)) -> 88060 | L33: =VLOOKUP(B33:B108,PO!C37:J106,8,0)*F33 -> 300
A34: 14 | B34: 615-478-4R | C34: Z2 SLIDE | E34: 112603660 | F34: 10 | G34: PCS | H34: 22788 | I34: =IF(ISERROR(H34*F34),"",(H34*F34)) -> 227880 | L34: =VLOOKUP(B34:B109,PO!C38:J107,8,0)*F34 -> 300
A35: 15 | B35: 615-509-5R | C35: HEAD STOCK | E35: 112603640:10, 112603660:5 | F35: 15 | G35: PCS | H35: 29700 | I35: =IF(ISERROR(H35*F35),"",(H35*F35)) -> 445500 | L35: =VLOOKUP(B35:B110,PO!C39:J108,8,0)*F35 -> 630
A36: 16 | B36: 0617-115-1 | C36: TOOL POST | E36: 112603657 | F36: 10 | G36: PCS | H36: 40848 | I36: =IF(ISERROR(H36*F36),"",(H36*F36)) -> 408480 | L36: =VLOOKUP(B36:B111,PO!C40:J109,8,0)*F36 -> 1410
A37: 17 | B37: 617-123-6R | C37: TOOL POST | E37: 112603665 | F37: 5 | G37: PCS | H37: 90030 | I37: =IF(ISERROR(H37*F37),"",(H37*F37)) -> 450150 | L37: =VLOOKUP(B37:B112,PO!C41:J110,8,0)*F37 -> 705
A38: 18 | B38: 616-432-6R | C38: X-SLIDE | E38: 112603640:10, 112603660:10 | F38: 20 | G38: PCS | H38: 21919 | I38: =IF(ISERROR(H38*F38),"",(H38*F38)) -> 438380 | L38: =VLOOKUP(B38:B113,PO!C42:J111,8,0)*F38 -> 380
A39: 19 | B39: 616-398-5R | C39: CROSS SLIDE | E39: 112603650 | F39: 15 | G39: PCS | H39: 37724 | I39: =IF(ISERROR(H39*F39),"",(H39*F39)) -> 565860 | L39: =VLOOKUP(B39:B114,PO!C43:J112,8,0)*F39 -> 645
A40: 20 | B40: 615-510R | C40: HEAD STOCK | E40: 112603640:11, 112603660:5 | F40: 16 | G40: PCS | H40: 25747 | I40: =IF(ISERROR(H40*F40),"",(H40*F40)) -> 411952 | L40: =VLOOKUP(B40:B115,PO!C44:J113,8,0)*F40 -> 592
A41: 21 | B41: 0615-481 | C41: CHUCKING LEVER | E41: 112603662 | F41: 50 | G41: PCS | H41: 1387 | I41: =IF(ISERROR(H41*F41),"",(H41*F41)) -> 69350 | L41: =VLOOKUP(B41:B116,PO!C45:J114,8,0)*F41 -> 150
A42: 22 | B42: 0616-301-1 | C42: SLEEVE HOLDER | E42: 112603646 | F42: 30 | G42: PCS | H42: 4846 | I42: =IF(ISERROR(H42*F42),"",(H42*F42)) -> 145380 | L42: =VLOOKUP(B42:B117,PO!C46:J115,8,0)*F42 -> 390
A43: 23 | B43: 0615-1034-1 | C43: BRACKET | E43: 112603638:10, 112603662:20 | F43: 30 | G43: PCS | H43: 4304 | I43: =IF(ISERROR(H43*F43),"",(H43*F43)) -> 129120 | L43: =VLOOKUP(B43:B118,PO!C47:J116,8,0)*F43 -> 390
A44: 24 | B44: 616-416-5R | C44: HEAD STOCK | E44: 112603660 | F44: 6 | G44: PCS | H44: 35624 | I44: =IF(ISERROR(H44*F44),"",(H44*F44)) -> 213744 | L44: =VLOOKUP(B44:B119,PO!C48:J117,8,0)*F44 -> 378
A45: 25 | B45: 0617-130-2 | C45: TOOL POST | E45: 112603657:5, 112603664:1 | F45: 6 | G45: PCS | H45: 49944 | I45: =IF(ISERROR(H45*F45),"",(H45*F45)) -> 299664 | L45: =VLOOKUP(B45:B120,PO!C49:J118,8,0)*F45 -> 996
A46: 26 | B46: 617-130-4R | C46: TOOL POST | E46: 112603656 | F46: 3 | G46: PCS | H46: 98850 | I46: =IF(ISERROR(H46*F46),"",(H46*F46)) -> 296550 | L46: =VLOOKUP(B46:B121,PO!C50:J119,8,0)*F46 -> 498
A47: 27 | B47: 616-419-5R | C47: X-SLIDE | E47: 112603660 | F47: 10 | G47: PCS | H47: 21853 | I47: =IF(ISERROR(H47*F47),"",(H47*F47)) -> 218530 | L47: =VLOOKUP(B47:B122,PO!C51:J120,8,0)*F47 -> 210
A48: 28 | B48: 616-417-8R | C48: Z2 SLIDE | E48: 112603660 | F48: 6 | G48: PCS | H48: 23451 | I48: =IF(ISERROR(H48*F48),"",(H48*F48)) -> 140706 | L48: =VLOOKUP(B48:B123,PO!C52:J121,8,0)*F48 -> 168
A49: 29 | B49: 0616-425-2 | C49: Y-SLIDE | E49: 112603662 | F49: 12 | G49: PCS | H49: 12737 | I49: =IF(ISERROR(H49*F49),"",(H49*F49)) -> 152844 | L49: =VLOOKUP(B49:B124,PO!C53:J122,8,0)*F49 -> 456
A50: 30 | B50: 616-1019-01R | C50: Y-SLIDE | E50: 112604331 | F50: 6 | G50: PCS | H50: 29125 | I50: =IF(ISERROR(H50*F50),"",(H50*F50)) -> 174750 | L50: =VLOOKUP(B50:B125,PO!C54:J123,8,0)*F50 -> 228
A51: 31 | B51: 616-415-5R | C51: HEAD STOCK | E51: 112603656 | F51: 7 | G51: PCS | H51: 20887 | I51: =IF(ISERROR(H51*F51),"",(H51*F51)) -> 146209 | L51: =VLOOKUP(B51:B126,PO!C55:J124,8,0)*F51 -> 217
A52: 32 | B52: 615-425-6R | C52: MOTOR HOUSING | E52: 112603660 | F52: 10 | G52: PCS | H52: 17845 | I52: =IF(ISERROR(H52*F52),"",(H52*F52)) -> 178450 | L52: =VLOOKUP(B52:B127,PO!C56:J125,8,0)*F52 -> 260
A53: 33 | B53: 0617-129-1 | C53: CROSS SLIDE | E53: 112603655 | F53: 10 | G53: PCS | H53: 23547 | I53: =IF(ISERROR(H53*F53),"",(H53*F53)) -> 235470 | L53: =VLOOKUP(B53:B128,PO!C57:J126,8,0)*F53 -> 730
A54: 34 | B54: 0615-423-1 | C54: CHUCKING LEVER | E54: 112603662 | F54: 10 | G54: PCS | H54: 1387 | I54: =IF(ISERROR(H54*F54),"",(H54*F54)) -> 13870 | L54: =VLOOKUP(B54:B129,PO!C58:J127,8,0)*F54 -> 30
A55: 35 | B55: 0615-426-2 | C55: CHUCKING LEVER | E55: 112603662 | F55: 10 | G55: PCS | H55: 1387 | I55: =IF(ISERROR(H55*F55),"",(H55*F55)) -> 13870 | L55: =VLOOKUP(B55:B130,PO!C59:J128,8,0)*F55 -> 30
A56: 36 | B56: 0617-0011-1 | C56: TOOL POST | E56: 112603655 | F56: 15 | G56: PCS | H56: 40184 | I56: =IF(ISERROR(H56*F56),"",(H56*F56)) -> 602760 | L56: =VLOOKUP(B56:B131,PO!C60:J129,8,0)*F56 -> 2025
A57: 37 | B57: 0616-0019 | C57: CROSS SLIDE | E57: 112603620 | F57: 10 | G57: PCS | H57: 7048 | I57: =IF(ISERROR(H57*F57),"",(H57*F57)) -> 70480 | L57: =VLOOKUP(B57:B132,PO!C61:J130,8,0)*F57 -> 230
... A63: 43 | B63: 0615-1023 | C63: X-SLIDE | E63: 112603663 | F63: 13 | G63: PCS | H63: 5445 | I63: =IF(ISERROR(H63*F63),"",(H63*F63)) -> 70785 | L63: =VLOOKUP(B63:B138,PO!C67:J136,8,0)*F63 -> 221
A64: 44 | B64: 0617-1007-1 | C64: CROSS SLIDE | E64: 112603663:5, 112604328:5 | F64: 10 | G64: PCS | H64: 13225 | I64: =IF(ISERROR(H64*F64),"",(H64*F64)) -> 132250 | L64: =VLOOKUP(B64:B139,PO!C68:J137,8,0)*F64 -> 410
A65: 45 | B65: 0616-1009 | C65: Y-SLIDE | E65: 112604328 | F65: 10 | G65: PCS | H65: 12202 | I65: =IF(ISERROR(H65*F65),"",(H65*F65)) -> 122020 | L65: =VLOOKUP(B65:B140,PO!C69:J138,8,0)*F65 -> 370
A66: 46 | B66: 0617-1005-1 | C66: CROSS SLIDE | E66: 112603663 | F66: 15 | G66: PCS | H66: 15040 | I66: =IF(ISERROR(H66*F66),"",(H66*F66)) -> 225600 | L66: =VLOOKUP(B66:B141,PO!C70:J139,8,0)*F66 -> 720
A67: 47 | B67: 0615-1022 | C67: HEAD STOCK | E67: 112603620:2, 112603663:17 | F67: 19 | G67: PCS | H67: 14140 | I67: =IF(ISERROR(H67*F67),"",(H67*F67)) -> 268660 | L67: =VLOOKUP(B67:B142,PO!C71:J140,8,0)*F67 -> 855
A68: 48 | B68: 0615-1017 | C68: Z2 SLIDE | E68: 112603655:7, 112603663:5 | F68: 12 | G68: PCS | H68: 9087 | I68: =IF(ISERROR(H68*F68),"",(H68*F68)) -> 109044 | L68: =VLOOKUP(B68:B143,PO!C72:J141,8,0)*F68 -> 348
A69: 49 | B69: 0615-1018-1 | C69: Z2 SLIDE | E69: 112604328 | F69: 5 | G69: PCS | H69: 6580 | I69: =IF(ISERROR(H69*F69),"",(H69*F69)) -> 32900 | L69: =VLOOKUP(B69:B144,PO!C73:J142,8,0)*F69 -> 105
A70: 50 | B70: 0615-1020 | C70: HEAD STOCK | E70: 112604328 | F70: 10 | G70: PCS | H70: 11470 | I70: =IF(ISERROR(H70*F70),"",(H70*F70)) -> 114700 | L70: =VLOOKUP(B70:B145,PO!C74:J143,8,0)*F70 -> 360
A71: 51 | B71: 615-1085-00R | C71: HEAD STOCK | E71: 112603650 | F71: 10 | G71: PCS | H71: 30429 | I71: =IF(ISERROR(H71*F71),"",(H71*F71)) -> 304290 | L71: =VLOOKUP(B71:B146,PO!C75:J144,8,0)*F71 -> 430
A72: 52 | B72: 615-1086-01R | C72: HEAD STOCK | E72: 112603658 | F72: 10 | G72: PCS | H72: 26286 | I72: =IF(ISERROR(H72*F72),"",(H72*F72)) -> 262860 | L72: =VLOOKUP(B72:B147,PO!C76:J145,8,0)*F72 -> 380
A73: 53 | B73: 616-1015-02R | C73: HEAD STOCK | E73: 112604331 | F73: 6 | G73: PCS | H73: 33918 | I73: =IF(ISERROR(H73*F73),"",(H73*F73)) -> 203508 | L73: =VLOOKUP(B73:B148,PO!C77:J146,8,0)*F73 -> 342
A74: 54 | B74: 616-1016-01R | C74: X-SLIDE | E74: 112604331 | F74: 6 | G74: PCS | H74: 23134 | I74: =IF(ISERROR(H74*F74),"",(H74*F74)) -> 138804 | L74: =VLOOKUP(B74:B149,PO!C78:J147,8,0)*F74 -> 138
A75: 55 | B75: 616-1017-02R | C75: CROSS SLIDE | E75: 112604331 | F75: 6 | G75: PCS | H75: 43794 | I75: =IF(ISERROR(H75*F75),"",(H75*F75)) -> 262764 | L75: =VLOOKUP(B75:B150,PO!C79:J148,8,0)*F75 -> 384
A76: 56 | B76: 616-1018-00R | C76: Z2 SLIDE | E76: 112604331 | F76: 6 | G76: PCS | H76: 29592 | I76: =IF(ISERROR(H76*F76),"",(H76*F76)) -> 177552 | L76: =VLOOKUP(B76:B151,PO!C80:J149,8,0)*F76 -> 240
A77: 57 | B77: 616-1020-01R | C77: Y-SLIDE | E77: 112604331 | F77: 6 | G77: PCS | H77: 25395 | I77: =IF(ISERROR(H77*F77),"",(H77*F77)) -> 152370 | L77: =VLOOKUP(B77:B152,PO!C81:J150,8,0)*F77 -> 162
A78: TOTAL | F78: =SUM(F21:F77) -> 706 | G78: PCS | I78: =SUM(I21:I77) -> 29511940 | M78: =I78-PO!I82 -> 0 | N78: Test A/M
M79: =F78-PO!F82 -> 0 | N79: Test Pcs
B80: COUNTRY OF ORIGIN: VIETNAM | L80: =SUM($L$21:$L$77)-PO!$K$82 -> 0 | M80: Test NW

Sheet PL
A1: CITIZEN MACHINERY VIETNAM CO., LTD | T1: Case | U1: M3 | V1: Case | W1: M3 | X1: Case | Y1: M3 | Z1: Case | AA1: M3 | AB1: Case | AC1: M3 | AD1: Case | AE1: M3
A2: =IV!A2 -> Land plot J2, J3, J4, Japan Hai Phong IZ, Hong An ward, Hai Phong city, Viet Nam | N2: Kich thuoc thung | O2: Trong luong | Q2: So thung | R2: M3 | T2: Cont1 | U2: Cont1 | V2: Cont2 | W2: Cont2 | X2: Cont3 | Y2: Cont3 | Z2: Cont4 | AA2: Cont4 | AB2: Cont5 | AC2: Cont5 | AD2: Cont6 | AE2: Cont6
A3: Tel: 84-225-3743232, 33 Fax: 84-225-3743234
N4: 1100*770*670 | O4: 39 | P4: kg | Q4: =T4+V4+X4 -> 29 | R4: 0.57 | T4: 8 | U4: =T4*R4 -> 4.56 | V4: 8 | W4: =V4*R4 -> 4.56 | X4: 13 | Y4: =X4*R4 -> 7.41 | Z4: 16 | AA4: =Z4*R4 -> 9.12 | AC4: =R4*AB4 -> 0 | AE4: =AD4*R4 -> 0
A5: PACKING LIST | N5: 618-084-13F | O5: 8 | P5: kg | Q5: =SUMIF($B$19:$B$93,N5,$E$19:$E$123) -> 8 | R5: 1 | U5: =T5*R5 -> 0 | W5: =V5*R5 -> 0 | Y5: =X5*R5 -> 0 | AA5: =Z5*R5 -> 0 | AC5: =R5*AB5 -> 0 | AE5: =AD5*R5 -> 0
B6: By order and for account and risk of: | N6: 618-089-4 | O6: 8 | P6: kg | Q6: =SUMIF($B$19:$B$93,N6,$E$19:$E$123) -> 0 | R6: 1.12 | T6: 8 | U6: =T6*R6 -> 8.96 | W6: =V6*R6 -> 0 | Y6: =X6*R6 -> 0 | AA6: =Z6*R6 -> 0 | AC6: =R6*AB6 -> 0 | AE6: =AD6*R6 -> 0
B7: Consignee: | C7: CITIZEN MACHINERY ASIA CO., LTD. | G7: =IV!H8 -> Invoice No.: | H7: =IV!I8 -> CMV/INV26-103 | N7: 0618-1001-4 | O7: 8 | P7: kg | Q7: =SUMIF($B$19:$B$93,N7,$E$19:$E$123) -> 7 | R7: 1.65 | U7: =T7*R7 -> 0 | W7: =V7*R7 -> 0 | X7: 7 | Y7: =X7*R7 -> 11.55 | AA7: =Z7*R7 -> 0 | AC7: =R7*AB7 -> 0 | AE7: =AD7*R7 -> 0
B8: =IV!B10 -> 199, Mu 1 Phahon Yothin Road, Sanap Tuep Sub-district, | G8: =IV!H9 -> Invoice date: | H8: =IV!I9 -> 46252 | N8: 0617-107-1 | O8: 8 | P8: kg | Q8: =SUMIF($B$19:$B$93,N8,$E$19:$E$123) -> 0 | R8: 1.12 | U8: =T8*R8 -> 0 | W8: =V8*R8 -> 0 | Y8: =X8*R8 -> 0 | AA8: =Z8*R8 -> 0 | AC8: =R8*AB8 -> 0 | AE8: =AD8*R8 -> 0
B9: =IV!B11 -> Wang Noi District, Phra Nakhon Si Ayutthaya Province 13170, Thailand | G9: =CONCATENATE("Contract (P.O) No.: ", PO!E13) -> Contract (P.O) No.: 112602255;3429,3620,3655,3663 | N9: 0618-081-4 | O9: 8 | P9: kg | Q9: =SUMIF($B$19:$B$93,N9,$E$19:$E$123) -> 5 | R9: 1.2 | U9: =T9*R9 -> 0 | W9: =V9*R9 -> 0 | X9: 5 | Y9: =X9*R9 -> 6 | AA9: =Z9*R9 -> 0 | AC9: =R9*AB9 -> 0 | AE9: =AD9*R9 -> 0
B10: =IV!B12 -> Tel: 66 (0)35 902-640-1 # 807; Fax: 66 (0)35 902-644 | G10: =IV!H11 -> Contract (P.O date.: June 15th 2026 | N10: 0618-084-2 | O10: 8 | P10: kg | Q10: =SUMIF($B$19:$B$93,N10,$E$19:$E$123) -> 3 | R10: 1.2 | U10: =T10*R10 -> 0 | W10: =V10*R10 -> 0 | Y10: =X10*R10 -> 0 | Z10: 3 | AA10: =Z10*R10 -> 3.6 | AC10: =R10*AB10 -> 0 | AE10: =AD10*R10 -> 0
G11: Delivery Terms: CIF Laem Chabang, Thailand | N11: 0618-084-9 | O11: 8 | P11: kg | Q11: =SUMIF($B$19:$B$93,N11,$E$19:$E$123) -> 0 | R11: 1.2 | U11: =T11*R11 -> 0 | W11: =V11*R11 -> 0 | Y11: =X11*R11 -> 0 | AA11: =Z11*R11 -> 0 | AC11: =R11*AB11 -> 0 | AE11: =AD11*R11 -> 0
B12: =IV!B14 -> Name of vessel/Voy. | C12: =IV!C14 -> HF LUCKY 2617S | G12: =IV!H13 -> ETA Laem Chabang: On or about August 23rd 2026 | N12: 0618-1002-1 | O12: 8 | P12: kg | Q12: =SUMIF($B$19:$B$93,N12,$E$19:$E$123) -> 14 | R12: 1.65 | T12: 8 | U12: =T12*R12 -> 13.2 | V12: 4 | W12: =V12*R12 -> 6.6 | X12: 2 | Y12: =X12*R12 -> 3.3 | AA12: =Z12*R12 -> 0 | AC12: =R12*AB12 -> 0 | AE12: =AD12*R12 -> 0
B13: Sailing on: | C13: =IV!C15 -> August 19th 2026 | G13: Packing: Standard export packing | N13: 0618-087-2 | O13: 8 | P13: kg | Q13: =SUMIF($B$19:$B$93,N13,$E$19:$E$123) -> 2 | R13: 2.13 | U13: =T13*R13 -> 0 | V13: 2 | W13: =V13*R13 -> 4.26 | Y13: =X13*R13 -> 0 | AA13: =Z13*R13 -> 0 | AC13: =R13*AB13 -> 0 | AE13: =AD13*R13 -> 0
B14: Port of loading: | C14: Haiphong, Vietnam | N14: 618-084-13 | O14: 8 | P14: kg | Q14: =SUMIF($B$19:$B$93,N14,$E$19:$E$123) -> 0 | R14: 1.12 | U14: =T14*R14 -> 0 | W14: =V14*R14 -> 0 | Y14: =X14*R14 -> 0 | Z14: 8 | AA14: =Z14*R14 -> 8.96 | AC14: =R14*AB14 -> 0 | AE14: =AD14*R14 -> 0
B15: Port of discharge: | C15: Laem Chabang, Thailand | N15: 618-1005-03 | O15: 8 | P15: kg | Q15: =SUMIF($B$19:$B$93,N15,$E$19:$E$123) -> 0 | R15: 1.73 | U15: =T15*R15 -> 0 | V15: 5 | W15: =V15*R15 -> 8.65 | Y15: =X15*R15 -> 0 | AA15: =Z15*R15 -> 0 | AC15: =R15*AB15 -> 0 | AE15: =AD15*R15 -> 0
A17: Case No. | C17: Description of goods | E17: Quantity | G17: NW (Kgs) | H17: GW(Kgs) | I17: Remarks | Q17: =SUM(Q4:Q14) -> 68 | T17: =SUM(T4:T15) -> 24 | U17: =SUM(U4:U15) -> 26.72 | V17: =SUM(V4:V15) -> 19 | W17: =SUM(W4:W15) -> 24.07 | X17: =SUM(X4:X15) -> 27 | Y17: =SUM(Y4:Y15) -> 28.26 | Z17: =SUM(Z4:Z15) -> 27 | AA17: =SUM(AA4:AA15) -> 21.68 | ... AE17: =SUM(AE4:AE15) -> 0
A18: =[8]IV!A20 -> PARTS FOR CNC AUTOMATIC LATHE. | R18: Total case: | T18: =T17+V17+X17+Z17+AB17+AD17 -> 97
A19: 1~8 | B19: 618-089-4F | C19: BED | E19: 8 | F19: PCS | G19: =E19*L19 -> 4720 | H19: =G19+4*E19 -> 4752 | L19: =VLOOKUP(B19:B150,PO!C5:J139,8,0) -> 590 | R19: Total M3: | T19: =U17+W17+Y17+AA17+AC17+AE17 -> 100.73
A20: 9~16 | B20: 0618-1002-1 | C20: BED | E20: 8 | F20: PCS | G20: =E20*L20 -> 10640 | H20: =G20+4*E20 -> 10672 | L20: =VLOOKUP(B20:B151,PO!C6:J140,8,0) -> 1330
A21: 17~24 | B21: 0615-478 | C21: Z2 SLIDE | E21: 10 | F21: PCS | G21: =E21*L21 -> 300 | H21: =SUM(G21:G32)+39*8 -> 5881 | L21: =VLOOKUP(B21:B152,PO!C7:J141,8,0) -> 30
A22: 17~24 | B22: 0617-115-1 | C22: TOOL POST | E22: 10 | F22: PCS | G22: =E22*L22 -> 1410 | L22: =VLOOKUP(B22:B153,PO!C8:J142,8,0) -> 141
A23: 17~24 | B23: 0616-301-1 | C23: SLEEVE HOLDER | E23: 30 | F23: PCS | G23: =E23*L23 -> 390 | L23: =VLOOKUP(B23:B152,PO!C7:J141,8,0) -> 13
A24: 17~24 | B24: 0617-0011-1 | C24: TOOL POST | E24: 5 | F24: PCS | G24: =E24*L24 -> 675 | L24: =VLOOKUP(B24:B153,PO!C8:J142,8,0) -> 135
A25: 17~24 | B25: 0616-0019 | C25: CROSS SLIDE | E25: 10 | F25: PCS | G25: =E25*L25 -> 230 | I25: Cont 1 | J25: (40') | L25: =VLOOKUP(B25:B154,PO!C9:J143,8,0) -> 23
A26: 17~24 | B26: 0615-1002 | C26: Z2 SLIDE | E26: 15 | F26: PCS | G26: =E26*L26 -> 300 | I26: =$T$17 -> 24 | J26: Cases | L26: =VLOOKUP(B26:B155,PO!C10:J144,8,0) -> 20
A27: 17~24 | B27: 0615-1003-1 | C27: HEAD STOCK | E27: 15 | F27: PCS | G27: =E27*L27 -> 390 | I27: =$U$17 -> 26.72 | J27: M3 | L27: =VLOOKUP(B27:B156,PO!C11:J145,8,0) -> 26
A28: 17~24 | B28: 0617-1006-1 | C28: TOOL POST | E28: 5 | F28: PCS | G28: =E28*L28 -> 790 | L28: =VLOOKUP(B28:B157,PO!C12:J146,8,0) -> 158
A29: 17~24 | B29: 0615-1023 | C29: X-SLIDE | E29: 13 | F29: PCS | G29: =E29*L29 -> 221 | L29: =VLOOKUP(B29:B158,PO!C13:J147,8,0) -> 17
A30: 17~24 | B30: 0617-1007-1 | C30: CROSS SLIDE | E30: 10 | F30: PCS | G30: =E30*L30 -> 410 | L30: =VLOOKUP(B30:B159,PO!C14:J148,8,0) -> 41
A31: 17~24 | B31: 0615-1017 | C31: Z2 SLIDE | E31: 12 | F31: PCS | G31: =E31*L31 -> 348 | L31: =VLOOKUP(B31:B160,PO!C15:J149,8,0) -> 29
A32: 17~24 | B32: 0615-1018-1 | C32: Z2 SLIDE | E32: 5 | F32: PCS | G32: =E32*L32 -> 105 | L32: =VLOOKUP(B32:B161,PO!C16:J150,8,0) -> 21
A33: SUB TOTAL CONT 1 | E33: =SUM(E19:E32) -> 156 | F33: PCS | G33: =SUM(G19:G32) -> 20929 | H33: =SUM(H19:H32) -> 21305
A34: 1~2 | B34: 0618-087-2 | C34: BED | E34: 2 | F34: PCS | G34: =E34*L34 -> 2750 | H34: =G34+4*E34 -> 2758 | L34: =VLOOKUP(B34:B162,PO!C17:J151,8,0) -> 1375
A35: 3~6 | B35: 0618-1002-1 | C35: BED | E35: 4 | F35: PCS | G35: =E35*L35 -> 5320 | H35: =G35+4*E35 -> 5336 | L35: =VLOOKUP(B35:B164,PO!C19:J153,8,0) -> 1330
A36: 7~11 | B36: 618-1005-03F | C36: BED | E36: 5 | F36: PCS | G36: =E36*L36 -> 7940 | H36: =G36+4*E36 -> 7960 | L36: =VLOOKUP(B36:B165,PO!C20:J154,8,0) -> 1588
A37: 12~19 | B37: 0617-116-3 | C37: CROSS SLIDE | E37: 16 | F37: PCS | G37: =E37*L37 -> 736 | H37: =SUM(G37:G42)+39*8 -> 5406 | L37: =VLOOKUP(B37:B166,PO!C21:J155,8,0) -> 46
A38: =A37 -> 12~19 | B38: 0617-130-2 | C38: TOOL POST | E38: 3 | F38: PCS | G38: =E38*L38 -> 498 | I38: Cont 2 | J38: (40') | L38: =VLOOKUP(B38:B167,PO!C22:J156,8,0) -> 166
A39: =A38 -> 12~19 | B39: 0617-0011-1 | C39: TOOL POST | E39: 10 | F39: PCS | G39: =E39*L39 -> 1350 | I39: =$V$17 -> 19 | J39: Cases | L39: =VLOOKUP(B39:B168,PO!C23:J157,8,0) -> 135
A40: =A39 -> 12~19 | B40: 0617-1006-1 | C40: TOOL POST | E40: 10 | F40: PCS | G40: =E40*L40 -> 1580 | I40: =$W$17 -> 24.07 | J40: M3 | L40: =VLOOKUP(B40:B169,PO!C24:J158,8,0) -> 158
A41: =A40 -> 12~19 | B41: 0617-1005-1 | C41: CROSS SLIDE | E41: 10 | F41: PCS | G41: =E41*L41 -> 480 | L41: =VLOOKUP(B41:B170,PO!C25:J159,8,0) -> 48
A42: =A41 -> 12~19 | B42: 0615-1022 | C42: HEAD STOCK | E42: 10 | F42: PCS | G42: =E42*L42 -> 450 | L42: =VLOOKUP(B42:B171,PO!C26:J160,8,0) -> 45
A43: SUB TOTAL CONT 2 | E43: =SUM(E34:E42) -> 70 | F43: PCS | G43: =SUM(G34:G42) -> 21104 | H43: =SUM(H34:H42) -> 21460
A44: 1~5 | B44: 0618-081-4 | C44: BODY | E44: 5 | F44: PCS | G44: =E44*L44 -> 4360 | H44: =G44+4*E44 -> 4380 | L44: =VLOOKUP(B7:B188,PO!C3:J177,8,0) -> 872
A45: 6~12 | B45: 0618-1001-4 | C45: BED | E45: 7 | F45: PCS | G45: =E45*L45 -> 8155 | H45: =G45+4*E45 -> 8183 | L45: =VLOOKUP(B8:B189,PO!C4:J178,8,0) -> 1165
A46: 13~14 | B46: 0618-1002-1 | C46: BED | E46: 2 | F46: PCS | G46: =E46*L46 -> 2660 | H46: =G46+4*E46 -> 2668 | L46: =VLOOKUP(B9:B190,PO!C5:J179,8,0) -> 1330
A47: 15~27 | B47: 0613-238-2 | C47: MOTOR BRACKET | E47: 50 | F47: PCS | G47: =E47*L47 -> 300 | H47: =SUM(G47:G63)+39*13 -> 6251 | L47: =VLOOKUP(B10:B191,PO!C6:J180,8,0) -> 6
A48: =A47 -> 15~27 | B48: 0617-116-3 | C48: CROSS SLIDE | E48: 2 | F48: PCS | G48: =E48*L48 -> 92 | L48: =VLOOKUP(B11:B192,PO!C7:J181,8,0) -> 46
A49: =A48 -> 15~27 | B49: 0614-291-1 | C49: GUIDE BUSH BASE | E49: 30 | F49: PCS | G49: =E49*L49 -> 210 | L49: =VLOOKUP(B12:B193,PO!C8:J182,8,0) -> 7
A50: =A49 -> 15~27 | B50: 0615-481 | C50: CHUCKING LEVER | E50: 50 | F50: PCS | G50: =E50*L50 -> 150 | L50: =VLOOKUP(B13:B194,PO!C9:J183,8,0) -> 3
A51: =A49 -> 15~27 | B51: 0615-1034-1 | C51: BRACKET | E51: 30 | F51: PCS | G51: =E51*L51 -> 390 | L51: =VLOOKUP(B13:B194,PO!C9:J183,8,0) -> 13
A52: =A51 -> 15~27 | B52: 616-416-5R | C52: HEAD STOCK | E52: 6 | F52: PCS | G52: =E52*L52 -> 378 | L52: =VLOOKUP(B14:B195,PO!C10:J184,8,0) -> 63
A53: =A52 -> 15~27 | B53: 0617-130-2 | C53: TOOL POST | E53: 3 | F53: PCS | G53: =E53*L53 -> 498 | L53: =VLOOKUP(B15:B196,PO!C11:J185,8,0) -> 166
A54: =A53 -> 15~27 | B54: 0616-425-2 | C54: Y-SLIDE | E54: 12 | F54: PCS | G54: =E54*L54 -> 456 | L54: =VLOOKUP(B16:B197,PO!C12:J186,8,0) -> 38
A55: =A54 -> 15~27 | B55: 0617-129-1 | C55: CROSS SLIDE | E55: 10 | F55: PCS | G55: =E55*L55 -> 730 | I55: Cont 3 | J55: (40') | L55: =VLOOKUP(B17:B198,PO!C13:J187,8,0) -> 73
A56: =A55 -> 15~27 | B56: 0615-423-1 | C56: CHUCKING LEVER | E56: 10 | F56: PCS | G56: =E56*L56 -> 30 | I56: =$X$17 -> 27 | J56: Cases | L56: =VLOOKUP(B18:B199,PO!C14:J188,8,0) -> 3
A57: =A56 -> 15~27 | B57: 0615-426-2 | C57: CHUCKING LEVER | E57: 10 | F57: PCS | G57: =E57*L57 -> 30 | I57: =$Y$17 -> 28.26 | J57: M3 | L57: =VLOOKUP(B19:B200,PO!C15:J189,8,0) -> 3
A58: =A57 -> 15~27 | B58: 0616-1001-1 | C58: CROSS SLIDE | E58: 10 | F58: PCS | G58: =E58*L58 -> 550 | L58: =VLOOKUP(B20:B201,PO!C16:J190,8,0) -> 55
A59: =A58 -> 15~27 | B59: 0616-1002 | C59: SLIDE BASE | E59: 15 | F59: PCS | G59: =E59*L59 -> 555 | L59: =VLOOKUP(B23:B202,PO!C17:J191,8,0) -> 37
A60: =A59 -> 15~27 | B60: 0616-1009 | C60: Y-SLIDE | E60: 10 | F60: PCS | G60: =E60*L60 -> 370 | L60: =VLOOKUP(B24:B203,PO!C18:J192,8,0) -> 37
A61: =A60 -> 15~27 | B61: 0617-1005-1 | C61: CROSS SLIDE | E61: 5 | F61: PCS | G61: =E61*L61 -> 240 | L61: =VLOOKUP(B25:B204,PO!C19:J193,8,0) -> 48
A62: =A61 -> 15~27 | B62: 0615-1022 | C62: HEAD STOCK | E62: 9 | F62: PCS | G62: =E62*L62 -> 405 | L62: =VLOOKUP(B26:B205,PO!C20:J194,8,0) -> 45
A63: =A62 -> 15~27 | B63: 0615-1020 | C63: HEAD STOCK | E63: 10 | F63: PCS | G63: =E63*L63 -> 360 | L63: =VLOOKUP(B27:B206,PO!C21:J195,8,0) -> 36
A64: SUB TOTAL CONT 3 | E64: =SUM(E44:E63) -> 286 | F64: PCS | G64: =SUM(G44:G63) -> 20919 | H64: =SUM(H44:H63) -> 21482 | L64: =VLOOKUP(B33:B205,PO!C20:J194,8,0) -> #N/A
A65: 1~3 | B65: 0618-084-2 | C65: BED | E65: 3 | F65: PCS | G65: =E65*L65 -> 3510 | H65: =G65+4*E65 -> 3522 | L65: =VLOOKUP(B34:B206,PO!C21:J195,8,0) -> 1170
A66: 4~11 | B66: 618-084-13F | C66: BED | E66: 8 | F66: PCS | G66: =E66*L66 -> 9360 | H66: =G66+4*E66 -> 9392 | L66: =VLOOKUP(B35:B207,PO!C22:J196,8,0) -> 1170
A67: 12~27 | B67: 617-116-9R | C67: CROSS SLIDE | E67: 10 | F67: PCS | G67: =E67*L67 -> 460 | H67: =SUM(G67:G86)+39*16 -> 7993 | L67: =VLOOKUP(B36:B208,PO!C23:J197,8,0) -> 46
A68: 12~27 | B68: 615-478-4R | C68: Z2 SLIDE | E68: 10 | F68: PCS | G68: =E68*L68 -> 300 | L68: =VLOOKUP(B37:B209,PO!C24:J198,8,0) -> 30
A69: 12~27 | B69: 615-509-5R | C69: HEAD STOCK | E69: 15 | F69: PCS | G69: =E69*L69 -> 630 | L69: =VLOOKUP(B38:B210,PO!C25:J199,8,0) -> 42
A70: 12~27 | B70: 617-123-6R | C70: TOOL POST | E70: 5 | F70: PCS | G70: =E70*L70 -> 705 | L70: =VLOOKUP(B39:B211,PO!C26:J200,8,0) -> 141
A71: 12~27 | B71: 616-432-6R | C71: X-SLIDE | E71: 20 | F71: PCS | G71: =E71*L71 -> 380 | L71: =VLOOKUP(B40:B212,PO!C27:J201,8,0) -> 19
A72: 12~27 | B72: 616-398-5R | C72: CROSS SLIDE | E72: 15 | F72: PCS | G72: =E72*L72 -> 645 | L72: =VLOOKUP(B38:B210,PO!C25:J199,8,0) -> 43
A73: 12~27 | B73: 615-510R | C73: HEAD STOCK | E73: 16 | F73: PCS | G73: =E73*L73 -> 592 | I73: Cont 4 | J73: (40') | L73: =VLOOKUP(B39:B211,PO!C26:J200,8,0) -> 37
A74: 12~27 | B74: 617-130-4R | C74: TOOL POST | E74: 3 | F74: PCS | G74: =E74*L74 -> 498 | I74: =$Z$17 -> 27 | J74: Cases | L74: =VLOOKUP(B40:B212,PO!C27:J201,8,0) -> 166
A75: 12~27 | B75: 616-419-5R | C75: X-SLIDE | E75: 10 | F75: PCS | G75: =E75*L75 -> 210 | I75: =$AA$17 -> 21.68 | J75: M3 | L75: =VLOOKUP(B41:B213,PO!C28:J202,8,0) -> 21
A76: 12~27 | B76: 616-417-8R | C76: Z2 SLIDE | E76: 6 | F76: PCS | G76: =E76*L76 -> 168 | L76: =VLOOKUP(B42:B214,PO!C29:J203,8,0) -> 28
A77: 12~27 | B77: 616-1019-01R | C77: Y-SLIDE | E77: 6 | F77: PCS | G77: =E77*L77 -> 228 | L77: =VLOOKUP(B43:B215,PO!C30:J204,8,0) -> 38
A78: 12~27 | B78: 616-415-5R | C78: HEAD STOCK | E78: 7 | F78: PCS | G78: =E78*L78 -> 217 | L78: =VLOOKUP(B43:B216,PO!C31:J205,8,0) -> 31
A79: 12~27 | B79: 615-425-6R | C79: MOTOR HOUSING | E79: 10 | F79: PCS | G79: =E79*L79 -> 260 | L79: =VLOOKUP(B43:B217,PO!C32:J206,8,0) -> 26
A80: =A79 -> 12~27 | B80: 615-1085-00R | C80: HEAD STOCK | E80: 10 | F80: PCS | G80: =E80*L80 -> 430 | L80: =VLOOKUP(B43:B218,PO!C33:J207,8,0) -> 43
A81: =A80 -> 12~27 | B81: 615-1086-01R | C81: HEAD STOCK | E81: 10 | F81: PCS | G81: =E81*L81 -> 380 | L81: =VLOOKUP(B43:B219,PO!C34:J208,8,0) -> 38
A82: =A81 -> 12~27 | B82: 616-1015-02R | C82: HEAD STOCK | E82: 6 | F82: PCS | G82: =E82*L82 -> 342 | L82: =VLOOKUP(B44:B220,PO!C35:J209,8,0) -> 57
A83: =A82 -> 12~27 | B83: 616-1016-01R | C83: X-SLIDE | E83: 6 | F83: PCS | G83: =E83*L83 -> 138 | L83: =VLOOKUP(B45:B221,PO!C36:J210,8,0) -> 23
A84: =A83 -> 12~27 | B84: 616-1017-02R | C84: CROSS SLIDE | E84: 6 | F84: PCS | G84: =E84*L84 -> 384 | L84: =VLOOKUP(B46:B222,PO!C37:J211,8,0) -> 64
A85: =A84 -> 12~27 | B85: 616-1018-00R | C85: Z2 SLIDE | E85: 6 | F85: PCS | G85: =E85*L85 -> 240 | L85: =VLOOKUP(B47:B223,PO!C38:J212,8,0) -> 40
A86: =A83 -> 12~27 | B86: 616-1020-01R | C86: Y-SLIDE | E86: 6 | F86: PCS | G86: =E86*L86 -> 162 | L86: =VLOOKUP(B46:B222,PO!C37:J211,8,0) -> 27
A87: SUB TOTAL CONT 4 | E87: =SUM(E65:E86) -> 194 | F87: PCS | G87: =SUM(G65:G86) -> 20239 | H87: =SUM(H65:H86) -> 20907
A88: TOTAL | E88: =E43+E33+E64+E87 -> 706 | F88: PCS | G88: =G43+G33+G64+G87 -> 83191 | H88: =H43+H33+H64+H87 -> 85154 | L88: =VLOOKUP(B33:B216,PO!C31:J205,8,0) -> #N/A
B90: TOTAL: | C90: =T18 -> 97 | D90: =IF(C90=1,"CASE","CASES") -> CASES | E90: / 04x40' conts
B91: NET WEIGHT: | C91: =G88 -> 83191 | D91: Kgs
B92: GROSS WEIGHT: | C92: =H88 -> 85154 | D92: Kgs
B93: MEASUREMENT: | C93: =T19 -> 100.73 | D93: M3 | N93: Test pcs | P93: =E88-PO!F82 -> 0
B94: CONT/SEAL NO 1 (40'): | C94: CAIU4156879 | D94: /SITB145441 | N94: Test NW | P94: =C91-PO!K82 -> 0
B95: CONT/SEAL NO 2 (40'): | C95: FCXU0014623 | D95: /SITR993053
B96: CONT/SEAL NO 3 (40'): | C96: GVTU4038481 | D96: /SITR993058
B97: CONT/SEAL NO 4 (40'): | C97: TCNU4996836 | D97: /SITB133093

Sheet VGM
A2: XÁC NHẬN TOÀN BỘ KHỐI LƯỢNG CONTAINER VẬN CHUYỂN QUỐC TẾ
A3: VERIFIED GROSS MASS SUBMISSION FORM (VGM FORM)
A5: 1/ Tên người gửi hàng (Shipper authorized name): CITIZEN MACHINERY VIETNAM CO., LTD
A6: 2/ Địa chỉ/ Số điện thoại (Adress/ Tel): Land plot J2, J3, J4, JAPAN HAIPHONG INDUSTRIAL ZONE-HONG AN -HAIPHONG, VIETNAM
C7: Tel: 84-225-3743232, 33 Fax: 84-225-3743234
A8: 3/ Thông số container (Container's particular):
A9: STT (No) | B9: SỐ BOOKING (Booking No) | C9: SỐ CONT (Cont No) | D9: LOẠI CONT (Size/Type) | E9: VGM (Kgs) | F9: NGÀY CÂN (VGM vertified date) | G9: TÊN ĐƠN VỊ VÀ ĐỊA CHỈ CÂN (Name of weighing scale, adress) | L9: GHI CHÚ (Remark)
A10: 1 | B10: EHPH26086690 | C10: =PL!C94 -> CAIU4156879 | D10: 40' | E10: =M10+N10 -> 24805 | F10: =TODAY() -> 46253 | G10: CITIZEN MACHINERY VIETNAM CO., LTD | M10: 3500 | N10: =PL!H33 -> 21305
A11: =A10+1 -> 2 | B11: =B10 -> EHPH26086690 | C11: =PL!C95 -> FCXU0014623 | D11: 40' | E11: =M11+N11 -> 24960 | F11: =TODAY() -> 46253 | G11: Adress: JAPAN HAIPHONG INDUSTRIAL ZONE, | M11: 3500 | N11: =PL!H43 -> 21460
A12: =A11+1 -> 3 | B12: =B11 -> EHPH26086690 | C12: =PL!C96 -> GVTU4038481 | D12: 40' | E12: =M12+N12 -> 25002 | F12: =TODAY() -> 46253 | G12: HONG AN, HAI PHONG | M12: 3520 | N12: =PL!H64 -> 21482
A13: =A12+1 -> 4 | B13: =B12 -> EHPH26086690 | C13: =PL!C97 -> TCNU4996836 | D13: 40' | E13: =M13+N13 -> 24607 | F13: =TODAY() -> 46253 | G13: HONG AN, HAI PHONG | M13: 3700 | N13: =PL!H87 -> 20907
A14: Chúng tôi cam kết và chịu trách nhiệm việc xác nhận toàn bộ khối lượng container như trên là đúng sự thật/ | N14: =SUM(N10:N13) -> 85154
A15: (We are committed to and respondsible for the VGM of the container ablove is true)
B17: ĐƠN VỊ CÂN / WEIGHING SCALE | F17: NGƯỜI GỬI HÀNG /SHIPPER

Sheet Sheet2
